,SPX Index,NKY Index ,SX5E Index,SPGCICP Index,SPGSCLP Index,SPGSGCP Index,TY1 Comdty,NFP T Index,CPI YoY Index,NHSPATOT Index,LEI CHNG Index,CONSSENT Index,DXY Index
1990-01-31,329.08,37188.95,1069.92,119.1308,219.58,75.987,97,109145,5.2,1748,-0.1,93,92.55
1990-02-28,331.89,34591.99,1048.91,133.1597,211.46,74.368,96.40625,109394,5.3,1329,-0.3,89.5,93.39
1990-03-30,339.94,29980.45,1115.39,150.5658,197.13,67.291,95.4375,109609,5.2,1246,0.1,91.3,93.77
1990-04-30,330.8,29584.8,1087.94,142.6492,174.52,66.645,93.25,109650,4.7,1136,-0.4,93.9,93.08
1990-05-31,361.23,33130.8,1116.83,145.2035,159.5,65.308,95.9375,109800,4.4,1067,0.1,90.6,92.93
1990-06-29,358.02,31940.24,1120.33,153.8237,151,63.766,97,109822,4.7,1108,0,88.3,91.15
1990-07-31,356.15,31035.66,1116.48,168.1266,175.39,65.6,97.53125,109776,4.8,1078,-0.4,88.2,87.2
1990-08-31,322.56,25978.37,962.15,180.0298,235.74,67.33,94.5,109570,5.6,1069,-1.3,76.4,86.58
1990-09-28,306.05,20983.5,845.96,171.3745,348.98,70.599,94.625,109484,6.2,976,-1.2,72.8,85.91
1990-10-31,304,25194.1,889.57,166.9747,322.57,65.963,95.75,109325,6.3,925,-1.4,63.9,83.27
1990-11-30,322.22,22454.63,872.81,158.7626,273.27,66.078,97.96875,109178,6.3,941,-1.7,66,82.94
1990-12-31,330.22,23848.71,858.72,173.2157,275.37,67.877,98.75,109120,6.1,861,-0.9,65.5,83.12
1991-01-31,343.93,23293.14,871.77,157.0359,215.53,62.629,99.40625,108997,5.7,786,-1.3,66.8,82
1991-02-28,367.07,26409.22,959.23,168.3394,206.42,62.714,99.3125,108692,5.3,853,-0.2,70.4,84.07
1991-03-29,375.22,26292.04,982.08,160.1676,215.36,60.572,98.75,108534,4.9,911,-0.5,87.7,92.01
1991-04-30,375.35,26111.25,1002.08,159.8803,233.11,60.285,99.28125,108322,4.9,916,1,81.8,91.54
1991-05-31,389.83,25789.62,1045.52,146.8291,235.97,61.023,99.09375,108196,5,991,0.8,78.3,93.15
1991-06-28,371.16,23290.96,1003.15,153.7792,228.35,61.892,97.5,108286,4.7,964,0,82.1,96.03
1991-07-31,387.81,24120.75,1000.94,155.2317,242.09,60.873,98.46875,108236,4.4,973,1.1,82.9,93.49
1991-08-30,395.43,22335.87,1016.62,159.9112,249.53,57.934,100.78125,108255,3.8,944,0.2,82,93.49
1991-09-30,387.86,23916.44,1007,162.0402,249.59,58.657,102.59375,108289,3.4,974,0.8,83,89.9
1991-10-31,392.46,25222.28,1003.13,164.481,264.27,59.018,102.96875,108305,2.9,991,0,78.3,89.94
1991-11-29,375.22,22687.35,985.85,158.3228,244.34,60.453,103.46875,108248,3,984,0,69.1,88.19
1991-12-31,417.09,22983.77,1000,152.7663,217.36,57.863,107.28125,108272,3.1,1061,-0.2,68.2,83.53
1992-01-31,408.79,22023.05,1045.71,154.2083,214.18,58.134,103.53125,108324,2.6,1077,0.8,67.5,87.49
1992-02-28,412.7,21338.81,1082.35,162.4422,210.33,57.357,104.15625,108257,2.8,1146,0.3,68.8,88.99
1992-03-31,403.69,19345.95,1060.78,159.8961,216.72,55.614,101.6875,108313,3.2,1082,0.8,76,89.65
1992-04-30,414.95,17390.71,1085.06,157.7452,231.99,54.391,101.71875,108472,3.2,1054,0.9,77.2,89.62
1992-05-29,415.35,18347.75,1105.18,158.7203,244.74,54.22,103.8125,108598,3,1056,0.8,79.2,87.22
1992-06-30,408.14,15951.73,1056.93,172.1208,239.39,55.181,104.375,108659,3.1,1057,0.4,80.4,83.72
1992-07-31,424.21,15910.28,988.96,176.1973,242.91,57.31,107.75,108731,3.2,1089,0.4,76.6,81.91
1992-08-31,414.03,18061.12,951.68,173.4126,239.37,54.757,108.78125,108872,3.1,1075,0.4,76.1,78.88
1992-09-30,417.8,17399.08,968.58,163.4701,243.68,55.407,109.21875,108909,3,1114,0.3,75.6,81.1
1992-10-30,418.68,16767.4,980.05,158.0142,232.24,53.932,106.6875,109088,3.2,1132,0.3,73.3,87.63
1992-11-30,431.35,17683.65,1012.37,152.0939,222.99,52.993,106.125,109227,3,1118,0.9,85.3,90.83
1992-12-31,435.71,16924.95,1033.51,158.9276,217.48,52.614,106.90625,109440,2.9,1176,1.3,91,92.36
1993-01-29,438.78,17023.78,1043.55,150.6587,223.91,52.066,109.78125,109750,3.3,1177,0.6,89.3,92.46
1993-02-26,443.38,16953.35,1128.36,145.0547,226.83,51.814,112.375,109991,3.2,1148,0.7,86.6,94.01
1993-03-31,451.67,18591.45,1140.82,145.162,225.09,53.222,111.1875,109942,3.1,1056,-0.1,85.9,91.87
1993-04-30,440.19,20919.18,1114.25,125.4076,223.99,56.03,112,110251,3.2,1104,0.8,85.6,89.5
1993-05-31,450.19,20552.35,1113.68,117.5648,216.42,59.371,111.71875,110519,3.2,1112,0.1,80.3,89.08
1993-06-30,450.53,19590,1157.58,126.3171,200.95,59.199,113.3125,110693,3,1130,0.3,81.5,93.61
1993-07-30,448.13,20380.14,1236.14,128.6241,188.11,63.539,113.28125,110992,2.8,1174,0.1,77,95.37
1993-08-31,463.56,21026.6,1321.88,124.4731,188.39,58.039,115.71875,111154,2.8,1230,0.7,77.3,93.95
1993-09-30,458.93,20105.71,1285.92,107.7533,189.49,55.166,115.375,111396,2.7,1251,0.6,77.9,92.82
1993-10-29,467.83,19702.97,1359.41,104.9795,168.99,57.097,115.09375,111676,2.8,1287,0.4,82.7,95.08
1993-11-30,461.79,16406.54,1326.28,106.677,151.81,57.149,113.34375,111938,2.7,1357,0.5,81.2,96.21
1993-12-31,466.45,17417.24,1433.34,118.1643,136.56,60.222,112.65625,112250,2.7,1461,1.5,88.2,96.84
1994-01-31,481.61,20229.12,1456.88,122.9413,143.88,58.647,114.3125,112519,2.5,1390,-0.3,94.3,95.59
1994-02-28,467.14,19997.2,1396.06,123.0479,136.07,58.479,111.09375,112722,2.5,1269,0.3,93.2,94.55
1994-03-31,445.77,19111.92,1365.74,123.1898,137.95,59.932,106.28125,113188,2.5,1342,1.5,91.5,93.06
1994-04-29,450.91,19725.25,1427.37,129.5925,158.21,57.424,105.3125,113538,2.4,1392,0.7,92.6,92.12
1994-05-31,456.5,20973.59,1358.74,146.9424,175.76,58.841,104.96875,113869,2.3,1396,0.5,92.8,92.52
1994-06-30,444.27,20643.93,1284.6,153.4432,191.69,58.433,102.96875,114179,2.5,1357,0.9,91.2,89.62
1994-07-29,458.26,20449.39,1373.6,157.9081,207.39,57.785,105.15625,114541,2.8,1335,0.3,89,89.87
1994-08-31,475.49,20628.53,1397.12,163.408,181.37,58.022,105.25,114839,2.9,1377,0.9,91.7,89.67
1994-09-30,462.69,19563.81,1302.53,158.8906,188.24,59.032,101.46875,115193,3,1412,0.6,91.5,87.88
1994-10-31,472.35,19989.6,1327.67,173.0786,185.11,57.146,100.65625,115400,2.6,1397,0.6,92.7,85.69
1994-11-30,453.69,19075.62,1323.35,190.1542,184.89,56.543,100.25,115818,2.7,1340,0.4,91.6,89.13
1994-12-30,459.27,19723.06,1320.59,199.2844,181.51,56.529,99.9375,116094,2.7,1396,0.6,95.1,88.72
1995-01-31,470.42,18649.82,1296.71,194.2897,188.68,55.001,101.6875,116414,2.8,1282,0.3,97.6,87.99
1995-02-28,487.39,17053.43,1312.78,186.8517,191.63,55.089,104.375,116621,2.9,1254,0,95.1,85.93
1995-03-31,500.71,16139.95,1300.13,192.9238,199.41,56.979,103.90625,116844,2.9,1226,0,90.3,81.9
1995-04-28,514.71,16806.75,1346.68,184.9813,213.28,56.141,105.3125,117005,3.1,1259,0,92.5,81.8
1995-05-31,533.4,15436.79,1377.67,188.3169,199.77,55.541,110.25,116991,3.2,1271,-0.1,89.8,82.57
1995-06-30,544.75,14517.4,1362.52,198.5739,185.44,55.254,110.09375,117223,3,1305,0.1,92.7,81.58
1995-07-31,562.06,16677.53,1435.52,199.3651,189.67,54.734,108.90625,117302,2.8,1354,0,94.4,81.57
1995-08-31,561.88,18117.22,1432.86,199.7896,195.21,54.522,109.96875,117577,2.6,1386,0.6,96.2,85.57
1995-09-29,584.41,17913.06,1419.6,197.9571,196.04,54.466,110.25,117821,2.5,1421,0.2,88.9,84.29
1995-10-31,581.5,17654.64,1407.17,187.3012,200.04,54.156,111.53125,117971,2.8,1400,-0.1,90.2,83.66
1995-11-30,605.37,18744.42,1455.1,196.112,209.41,54.52,113.21875,118119,2.6,1430,0.1,88.2,85.26
1995-12-29,615.93,19868.15,1506.82,199.3532,229.28,54.45,114.59375,118251,2.5,1442,0,91,84.76
1996-01-31,636.02,20812.74,1611.05,188.3435,212.95,57.04,114.84375,118229,2.7,1387,-1.7,89.3,87.38
1996-02-29,640.43,20125.37,1595.64,189.6092,240.66,56.021,111.46875,118664,2.7,1420,1.1,88.5,86.31
1996-03-29,645.5,21406.85,1612.24,190.4609,276.35,55.227,108.90625,118928,2.8,1437,0.2,93.7,86.52
1996-04-30,654.17,22041.3,1671.13,196.9759,299.74,54.547,107.5,119090,2.9,1463,0.6,92.7,88.02
1996-05-31,669.12,21956.19,1673.76,190.6691,292,54.303,106.5,119413,2.9,1457,0.7,89.4,87.78
1996-06-28,670.63,22530.75,1665.9,153.4879,322.09,52.54,107.5,119694,2.8,1429,0.7,92.4,87.82
1996-07-31,639.95,20692.83,1590.93,157.6869,325.22,53.386,107.125,119928,3,1450,-0.1,94.7,85.9
1996-08-30,651.99,20166.9,1601.43,165.9146,363.36,53.141,106.15625,120127,2.9,1413,0.4,95.3,86.36
1996-09-30,687.31,21556.4,1694.51,155.585,409.05,51.675,107.28125,120347,3,1392,0.2,94.7,87.94
1996-10-31,705.27,20466.86,1700.54,160.0061,398,51.485,109.625,120594,3,1358,0.4,96.5,87.43
1996-11-29,757.02,21020.36,1817.95,187.547,407.17,50.681,111.5,120893,3.3,1412,0.7,99.2,87.92
1996-12-31,740.74,19361.35,1850.32,179.0461,453.62,49.897,109.125,121061,3.3,1411,0.1,96.9,88.12
1997-01-31,786.16,18330.01,2005.36,186.5503,432.33,46.531,108.78125,121293,3,1382,0.6,97.4,93.04
1997-02-28,790.82,18557,2077.22,206.5051,366.95,49.099,108.34375,121595,3,1445,1.3,99.7,94.89
1997-03-31,757.12,18003.4,2137.28,209.2931,367.78,47.306,105.5,121910,2.8,1436,0.4,100,94.72
1997-04-30,801.34,19151.12,2164.68,210.245,362.23,45.596,106.96875,122201,2.5,1421,0.1,101.4,97.18
1997-05-30,848.28,20068.81,2220.86,226.7979,374.63,46.072,107.53125,122461,2.2,1414,0.8,103.2,94.85
1997-06-30,885.14,20604.96,2398.41,218.8534,349.34,44.454,107.875,122718,2.3,1402,0.6,104.5,95.67
1997-07-31,954.29,20331.43,2674.83,211.8693,352.82,43.085,111,123007,2.2,1440,1.3,107.1,99.55
1997-08-29,899.47,18229.42,2407.58,199.1623,340.25,42.927,109.03125,122996,2.2,1449,0.1,104.4,99
1997-09-30,947.28,17887.71,2581.36,190.8468,364.78,44.173,110.125,123504,2.2,1494,0.9,106,97.11
1997-10-31,914.62,16458.94,2331.25,180.4479,363.02,40.921,111.75,123844,2.1,1499,0.3,105.6,95.64
1997-11-28,955.4,16636.26,2423.74,166.3487,326.86,38.985,111.625,124148,1.8,1469,0.2,107.2,97.77
1997-12-31,970.43,15258.74,2531.99,153.8447,296.94,37.85,112.15625,124452,1.7,1456,0.3,102.1,99.65
1998-01-30,980.28,16628.47,2676.03,154.5046,286.18,39.563,113.71875,124725,1.6,1555,0.1,106.6,100.72
1998-02-27,1049.34,16831.67,2878.04,149.0788,253.28,38.979,112.6875,124919,1.4,1647,1,110.4,99.83
1998-03-31,1101.75,16527.17,3153.32,154.0324,249.48,39.161,112.375,125065,1.4,1605,0.1,106.5,101.5
1998-04-30,1111.75,15641.26,3195.43,160.9237,240.48,39.755,112.3125,125344,1.4,1547,0,108.7,99.71
1998-05-29,1090.82,15670.78,3357.77,148.2722,226.85,37.83,112.96875,125744,1.7,1554,0.4,106.5,100.48
1998-06-30,1133.84,15830.27,3406.82,141.674,199.42,38.214,113.84375,125954,1.7,1551,-0.6,105.6,101.17
1998-07-31,1120.67,16378.97,3480.63,146.6085,195.13,36.704,113.5625,126074,1.7,1610,0.3,105.2,101.14
1998-08-31,957.28,14107.89,2978.12,139.5764,178.17,35.238,116.9375,126425,1.6,1654,0.2,104.4,100.2
1998-09-30,1017.01,13406.39,2670.97,139.3506,212.34,37.778,121.4375,126644,1.5,1577,-0.7,100.9,96.17
1998-10-30,1098.67,13564.51,2887.11,137.474,187.42,37.108,120.3125,126838,1.5,1719,-0.3,97.4,93.68
1998-11-30,1163.63,14883.7,3179.09,133.502,143.26,37.009,119.03125,127119,1.5,1672,0.2,102.7,96.2
1998-12-31,1229.23,13842.17,3342.32,125.4561,148.12,36.269,119.15625,127466,1.6,1742,0.4,100.5,94.17
1999-01-29,1279.64,14499.25,3547.15,119.3885,156.1,35.883,119.1875,127589,1.7,1732,-0.2,103.9,96.08
1999-02-26,1238.33,14367.54,3484.24,116.1785,148.6,35.896,114.71875,127998,1.6,1720,0.8,108.1,98.71
1999-03-31,1286.37,15836.59,3559.86,114.8373,202.34,34.882,114.6875,128106,1.7,1665,0,105.7,100.1
1999-04-30,1335.18,16701.53,3757.87,130.0088,224.62,35.612,114.6875,128479,2.3,1600,0.2,104.6,101
1999-05-31,1301.84,16111.65,3629.46,113.5463,203.72,33.447,112.1875,128692,2.1,1640,0.4,106.8,102.28
1999-06-30,1372.71,17529.74,3788.66,132.3485,232.25,32.414,111.1875,128955,2,1702,0.3,107.3,102.85
1999-07-30,1328.72,17861.86,3638.62,131.1177,245.14,31.524,110.3125,129248,2.1,1682,0.4,106,99.75
1999-08-31,1320.41,17436.56,3769.14,136.1851,262.84,31.341,110,129439,2.3,1671,0.2,104.5,99.95
1999-09-30,1282.71,17605.46,3669.71,141.3316,291.95,36.481,110.125,129642,2.6,1551,0,107.2,98.54
1999-10-29,1362.93,17942.08,3922.91,139.3413,259.3,36.579,109.71875,130045,2.6,1649,0.4,103.2,99.06
1999-11-30,1388.91,18558.23,4314.38,138.3632,295.01,35.499,109.25,130336,2.6,1672,0.6,107.2,101.99
1999-12-31,1469.25,18934.34,4904.46,146.2597,314.58,35.087,95.859375,130636,2.7,1683,0.9,105.4,101.87
2000-01-31,1394.46,19539.7,4684.48,143.5212,347.94,34.418,94.78125,130869,2.7,1727,0.6,112,105.13
2000-02-29,1366.42,19959.52,5182.62,132.1489,397.2,35.38,95.765625,130999,3.2,1692,-0.6,111.3,105.92
2000-03-31,1498.58,20337.32,5249.55,133.9012,372.51,33.533,98.078125,131470,3.8,1651,1,107.1,105.44
2000-04-28,1452.43,17973.7,5303.95,132.1636,366.43,32.734,96.953125,131757,3.1,1597,0.2,109.2,110.14
2000-05-31,1420.6,16332.45,5200.89,133.0654,416.48,32.422,96.953125,131982,3.2,1543,-0.9,110.7,108.74
2000-06-30,1454.6,17411.05,5145.35,134.265,482.11,34.393,98.484375,131936,3.7,1572,0.3,106.4,106.84
2000-07-31,1430.83,15727.49,5122.8,140.5274,418.43,32.714,98.890625,132102,3.7,1542,-0.5,108.3,109.61
2000-08-31,1517.68,16861.26,5175.12,142.6055,511.36,32.587,100.15625,132104,3.4,1552,-0.5,107.3,112.6
2000-09-29,1436.51,15747.26,4915.18,147.9375,489.95,31.986,100.21875,132231,3.5,1570,0.3,106.8,113.25
2000-10-31,1429.4,14539.6,5057.46,137.331,520.73,30.773,100.703125,132219,3.4,1577,-1,105.8,116.65
2000-11-30,1314.95,14648.51,4790.08,135.39,554.57,31.262,102.875,132442,3.4,1614,-0.8,107.6,115.24
2000-12-29,1320.28,13785.69,4772.39,133.8763,446.67,31.296,104.859375,132580,3.4,1543,-1.5,98.4,109.56
2001-01-31,1366.01,13843.55,4779.9,133.1867,496.62,30.391,105.21875,132548,3.7,1699,-0.5,94.7,110.52
2001-02-28,1239.94,12883.54,4318.88,128.9899,478.59,30.369,106.328125,132617,3.5,1656,-1.2,90.6,112.01
2001-03-30,1160.33,12999.7,4185,122.0408,455.61,29.202,106.203125,132588,2.9,1659,-1.5,91.5,117.37
2001-04-30,1249.46,13934.32,4525.01,122.203,488.02,29.787,103.78125,132307,3.3,1666,-0.9,88.4,115.76
2001-05-31,1255.82,13262.14,4426.24,120.5474,474.36,29.96,103.6875,132266,3.6,1665,0.3,92,119.07
2001-06-29,1224.42,12969.05,4243.91,112.2611,434.72,30.453,103.015625,132140,3.2,1626,-0.6,92.6,119.47
2001-07-31,1211.23,11860.77,4091.38,107.253,443.02,29.947,106.109375,132018,2.7,1598,-0.2,92.4,117.18
2001-08-31,1133.58,10713.51,3743.97,106.54,467.78,30.759,107.21875,131862,2.7,1615,-0.1,91.5,113.42
2001-09-28,1040.94,9774.68,3296.66,101.3211,399.06,32.706,108.78125,131618,2.6,1565,-1.8,81.8,113.41
2001-10-31,1059.78,10366.34,3478.63,96.4628,354.4,31.204,111.515625,131291,2.1,1566,-0.6,82.7,114.86
2001-11-30,1139.45,10697.44,3658.27,110.1189,321.78,30.515,108.25,130995,1.9,1651,0.6,83.9,116.13
2001-12-31,1148.08,10542.62,3806.13,103.1736,321.42,30.97,105.140625,130823,1.6,1680,0.8,88.8,116.75
2002-01-31,1130.2,9997.8,3670.26,108.7374,307.98,31.324,105.875,130680,1.1,1665,0,93,120.21
2002-02-28,1106.73,10587.83,3624.74,107.9525,337.58,32.896,107.25,130545,1.1,1787,0.9,90.7,119.16
2002-03-29,1147.39,11024.94,3784.05,113.2061,403.02,33.519,102.453125,130523,1.5,1691,0.3,95.7,118.62
2002-04-30,1076.92,11492.54,3574.23,109.9678,414.87,34.126,105.5625,130440,1.6,1669,0.8,93,115.19
2002-05-31,1067.14,11763.7,3425.79,113.0048,394.99,36.028,106.734375,130434,1.2,1716,1,96.9,111.81
2002-06-28,989.81,10621.84,3133.39,114.4779,414.76,34.532,107.234375,130486,1.1,1758,0.2,92.4,106.11
2002-07-31,911.62,9877.94,2685.79,102.1765,417.32,33.342,110.609375,130394,1.5,1738,-0.4,88.1,107.41
2002-08-30,916.07,9619.3,2709.29,101.566,457,34.293,113.171875,130380,1.8,1695,0.1,87.6,106.98
2002-09-30,815.28,9383.29,2204.39,97.507,477.82,35.527,115.90625,130322,1.5,1803,-0.3,86.1,106.87
2002-10-31,885.76,8640.48,2518.99,104.6568,426.29,34.784,114.71875,130446,2,1799,0,80.6,106.64
2002-11-29,936.31,9215.56,2656.85,110.4581,431.3,34.632,112.515625,130453,2.2,1771,0.5,84.2,106.38
2002-12-31,879.82,8578.95,2386.41,103.1684,500.54,37.945,115.046875,130291,2.4,1896,0.1,86.7,101.85
2003-01-31,855.7,8339.94,2248.17,114.5725,548.61,40.121,113.921875,130380,2.6,1808,0.2,82.4,99.91
2003-02-28,841.15,8363.04,2140.73,112.4917,616.71,38.077,116.71875,130222,3,1854,-0.2,79.9,99.71
2003-03-31,848.18,7972.71,2036.86,103.9196,541.17,36.535,114.875,130007,3,1757,-0.1,77.6,98.88
2003-04-30,916.92,7831.42,2324.23,104.8536,468.38,36.806,115.125,129956,2.2,1803,-0.3,86,97.19
2003-05-30,963.59,8424.51,2330.06,111.2465,542.19,39.554,119.0625,129946,2.1,1835,1,92.1,93.29
2003-06-30,974.5,9083.11,2419.51,107.4067,574.14,37.466,117.4375,129943,2.1,1875,0.8,89.7,94.73
2003-07-31,990.31,9563.21,2519.79,116.0117,585.69,38.327,110.625,129963,2.1,1885,0.6,90.9,96.89
2003-08-29,1008.01,10343.55,2556.71,114.3747,607.18,40.589,111.53125,129919,2.2,1966,0.7,89.3,98.1
2003-09-30,995.97,10219.05,2395.87,115.8186,559.81,41.591,114.625,130024,2.3,1961,1.2,87.7,92.85
2003-10-31,1050.71,10559.59,2575.04,133.0851,557.12,41.429,112.296875,130221,2,2012,1.2,89.6,92.73
2003-11-28,1058.2,10100.57,2630.47,133.7384,588.44,42.759,112.40625,130234,1.8,1918,1.1,93.7,90.23
2003-12-31,1111.92,10676.64,2760.66,148.8075,631.54,44.703,112.265625,130353,1.9,1987,1,92.6,86.92
2004-01-30,1131.13,10783.61,2839.13,162.0907,649.33,43.182,113.4375,130512,1.9,1952,0.9,103.8,87.2
2004-02-27,1144.94,11041.92,2893.18,191.8267,726.91,42.528,115.375,130555,1.7,1966,0.8,94.4,87.31
2004-03-31,1126.21,11715.39,2787.49,197.6637,734.02,45.79,115.40625,130888,1.7,2066,1.4,95.8,87.61
2004-04-30,1107.3,11761.79,2787.48,178.9037,777.89,41.428,110.5,131135,2.3,2070,0.1,94.2,90.48
2004-05-31,1120.68,11236.37,2749.62,188.2433,832.75,42.107,109.875,131441,3.1,2150,0.9,90.2,88.9
2004-06-30,1140.84,11858.87,2811.08,180.6065,769.88,41.905,109.328125,131519,3.3,2020,0.3,95.6,88.8
2004-07-30,1101.72,11325.78,2720.05,193.8869,906.52,41.694,110.71875,131556,3,2112,0.6,96.7,89.96
2004-08-31,1104.24,11081.79,2670.79,191.8673,880.85,43.675,113.46875,131681,2.7,2056,0.6,95.9,88.94
2004-09-30,1114.58,10823.57,2726.3,208.8994,1037.96,44.522,112.625,131836,2.5,2041,0.7,94.2,87.37
2004-10-29,1130.2,10771.42,2811.72,202.3608,1090.2,45.475,113.5625,132179,3.2,2097,0.2,91.7,84.91
2004-11-30,1173.82,10899.25,2876.39,219.5379,1032.52,47.778,111.453125,132244,3.5,2079,0.8,92.8,81.82
2004-12-31,1211.92,11488.76,2951.01,225.8975,901.73,46.218,111.9375,132372,3.3,2082,1,97.1,80.85
2005-01-31,1181.27,11387.59,2984.59,224.8678,995.84,44.479,112.265625,132502,3,2139,0.4,95.5,83.57
2005-02-28,1203.6,11740.6,3058.32,238.8208,1054.57,45.895,110.875,132742,3,2114,0.7,94.1,82.51
2005-03-31,1180.59,11668.95,3055.73,247.3949,1115.33,44.948,109.265625,132877,3.1,2062,-0.4,92.6,84.06
2005-04-29,1156.85,11008.9,2930.1,244.7511,973.14,45.47,111.421875,133239,3.5,2150,0.5,87.7,84.43
2005-05-31,1191.5,11276.59,3076.7,236.9705,987.47,43.408,112.84375,133407,2.8,2085,-0.1,86.9,87.76
2005-06-30,1191.33,11584.01,3181.54,262.6962,1049.7,45.294,113.46875,133653,2.5,2178,0.8,96,89.09
2005-07-29,1234.18,11899.6,3326.51,284.5869,1107.5,44.538,110.984375,134025,3.2,2203,0,96.5,89.35
2005-08-31,1220.33,12413.6,3263.78,295.3362,1240.65,44.773,112.921875,134217,3.6,2219,0.8,89.1,87.58
2005-09-30,1228.81,13574.3,3428.51,311.7907,1178.87,48.268,109.921875,134282,4.7,2263,-0.7,76.9,89.52
2005-10-31,1207.01,13606.5,3320.15,330.8061,1070.02,47.716,108.453125,134363,4.3,2170,0.4,74.2,90.07
2005-11-30,1249.48,14872.15,3447.07,363.6304,1009.82,50.549,108.734375,134698,3.5,2218,0.6,81.6,91.57
2005-12-30,1248.29,16111.43,3578.93,380.4725,1058.48,52.596,109.40625,134856,3.4,2120,0.1,91.5,91.17
2006-01-31,1280.08,16649.82,3691.41,417.1325,1165.7,57.829,108.4375,135130,4,2212,0.7,91.2,88.96
2006-02-28,1280.66,16205.43,3774.51,415.3431,1037.01,56.664,108,135446,3.6,2141,0,86.7,90.11
2006-03-31,1294.83,17059.66,3853.74,467.8402,1091.96,58.399,106.390625,135726,3.4,2118,0.4,88.9,89.73
2006-04-28,1310.61,16906.23,3839.9,612.2662,1154.5,65.148,105.578125,135907,3.5,1998,-0.6,87.4,86.11
2006-05-31,1270.09,15467.33,3637.17,694.5731,1121.1,63.974,105.078125,135928,4.2,1905,-0.6,79.1,84.72
2006-06-30,1270.2,15505.18,3648.92,647.133,1150.83,60.721,104.859375,136008,4.3,1867,0,84.9,85.16
2006-07-31,1276.66,15456.81,3691.87,705.7552,1138.59,62.459,106.03125,136218,4.1,1763,-0.6,84.7,85.3
2006-08-31,1303.82,16140.76,3808.7,682.5386,1055.2,61.242,107.421875,136397,3.8,1722,-0.1,82,85.05
2006-09-29,1335.85,16127.58,3899.41,668.7175,929.98,58.345,108.0625,136556,2.1,1655,-0.1,85.4,86.03
2006-10-31,1377.94,16399.39,4004.8,654.548,844.16,58.596,108.21875,136553,1.3,1570,-0.1,93.6,85.32
2006-11-30,1400.63,16274.33,3987.23,625.2484,880.06,62.423,109.109375,136758,2,1535,-0.3,92.1,82.95
2006-12-29,1418.3,17225.83,4119.94,558.7518,837.85,60.999,107.46875,136927,2.5,1638,0.4,91.7,83.65
2007-01-31,1438.24,17383.42,4178.54,505.4826,783.03,62.29,106.75,137161,2.1,1626,-0.2,96.9,84.6
2007-02-28,1406.82,17604.12,4087.12,529.2465,821.83,63.673,108.5625,137251,2.4,1598,-0.1,91.3,83.57
2007-03-30,1420.86,17287.65,4181.03,606.7431,851,62.733,108.125,137437,2.8,1596,0.3,88.4,82.93
2007-04-30,1482.37,17400.41,4392.34,687.8993,812.97,64.093,108.328125,137513,2.6,1470,-0.3,87.1,81.447
2007-05-31,1530.62,17875.75,4512.65,656.7853,770.49,61.929,106.390625,137654,2.7,1493,0,88.3,82.301
2007-06-29,1503.35,18138.36,4489.77,676.5766,841.7,60.461,105.703125,137734,2.7,1407,-0.2,85.3,81.92
2007-07-31,1455.27,17248.89,4315.69,720.493,926.91,61.926,107.421875,137699,2.4,1361,0,90.4,80.77
2007-08-31,1473.99,16569.09,4294.56,672.5349,879.85,62.163,109.484375,137675,2,1321,-0.7,83.4,80.791
2007-09-28,1526.75,16785.69,4381.71,724.3545,985.74,68.371,109.28125,137752,2.8,1261,-0.8,83.4,77.719
2007-10-31,1549.38,16737.63,4489.79,697.425,1150.9,72.501,110.015625,137838,3.5,1192,-0.6,80.9,76.479
2007-11-30,1481.14,15680.67,4394.95,629.0799,1090.79,71.325,113.921875,137949,4.3,1224,-0.9,76.1,76.147
2007-12-31,1468.36,15307.78,4399.72,598.3541,1180.78,75.745,113.390625,138042,4.1,1149,-1,75.5,76.695
2008-01-31,1378.55,13592.47,3792.8,659.2423,1133.67,83.246,116.71875,138056,4.3,1094,-1,78.4,75.178
2008-02-29,1330.63,13603.02,3724.5,760.0798,1257.44,87.462,118.6875,137971,4,1014,-1.3,70.8,73.714
2008-03-31,1322.7,12525.54,3628.06,760.8797,1267.71,82.255,118.953125,137892,4,967,-1.4,69.5,71.802
2008-04-30,1385.59,13849.99,3825.02,779.7748,1423.31,77.221,115.8125,137677,3.9,1008,-0.5,62.6,72.509
2008-05-30,1400.38,14338.54,3777.85,725.5157,1599.39,79.199,113.953125,137491,4.2,995,-0.9,59.8,72.879
2008-06-30,1280,13481.38,3352.81,783.8126,1752.16,82.468,113.921875,137322,5,1180,-0.5,56.4,72.463
2008-07-31,1267.38,13376.81,3367.82,748.2541,1545.83,81.106,114.828125,137106,5.6,921,-2.3,61.2,73.227
2008-08-29,1282.83,13072.87,3365.63,696.4224,1437.71,73.415,116.6875,136836,5.4,858,-1.5,63,77.381
2008-09-30,1166.36,11259.86,3038.2,589.4232,1251.87,77.423,114.625,136377,4.9,797,-2.2,70.3,79.448
2008-10-31,968.75,8576.98,2591.76,379.6306,845.32,63.13,113.078125,135905,3.7,736,-3.3,57.6,85.633
2008-11-28,896.24,8512.27,2430.31,334.1047,668.9,71.804,122.890625,135130,1.1,626,-2.9,55.3,86.517
2008-12-31,903.25,8859.56,2447.62,281.4803,517.96,77.528,125.75,134425,0.1,554,-3,60.1,81.308
2009-01-30,825.88,7994.05,2236.98,287.7164,420.02,81.254,122.671875,133631,0,545,-2.2,61.2,85.999
2009-02-27,735.09,7568.42,1976.23,313.9877,383.57,82.488,121.703125,132936,0.2,558,-1.4,56.3,88.008
2009-03-31,797.87,8109.53,2071.13,366.6197,412.64,80.765,124.078125,132106,-0.4,513,-1.6,57.3,85.43
2009-04-30,872.81,8828.26,2375.34,403.5616,402.35,77.814,120.9375,131402,-0.7,521,0.3,65.1,84.614
2009-05-29,919.14,9522.5,2451.24,437.9442,512.81,85.415,118.625,131050,-1.3,556,0.6,68.7,79.348
2009-06-30,919.32,9958.44,2401.69,449.5419,534.26,80.806,116.265625,130578,-1.4,601,0.9,70.8,80.133
2009-07-31,987.48,10356.83,2638.13,518.05,522.48,83.023,117.28125,130227,-2.1,595,0.9,66,78.347
2009-08-31,1020.62,10492.53,2775.17,585.7978,512.37,82.823,118.546875,130017,-1.5,616,1,65.7,78.172
2009-09-30,1057.08,10133.23,2872.63,556.7147,513.82,87.67,118.328125,129784,-1.3,609,0.9,73.5,76.653
2009-10-30,1036.19,10034.74,2743.5,584.3808,556.82,90.371,118.609375,129614,-0.2,583,0.6,70.6,76.3
2009-11-30,1095.63,9345.55,2797.25,623.7996,554.27,102.569,121.171875,129593,1.8,623,1,67.4,74.879
2009-12-31,1115.1,10546.44,2964.96,662.5665,554.12,95.099,115.453125,129373,2.7,664,1.3,72.5,77.86
2010-01-29,1073.87,10198.04,2776.83,605.6227,506.08,93.91,118.15625,129360,2.6,636,0.7,74.4,79.462
2010-02-26,1104.49,10126.03,2728.47,645.0257,550.1,96.951,118.90625,129320,2.1,650,-0.1,73.6,80.362
2010-03-31,1169.43,11089.94,2931.16,697.3423,575.75,96.458,116.25,129474,2.3,687,1.8,73.6,81.073
2010-04-30,1186.69,11057.4,2816.86,663.8494,586.32,102.188,117.90625,129703,2.2,637,0.7,72.2,81.866
2010-05-31,1089.41,9768.7,2610.26,619.1401,478.15,105.003,120.671875,130224,2,575,0.1,73.6,86.588
2010-06-30,1030.71,9382.64,2573.32,580.24,480.74,107.674,122.546875,130094,1.1,587,0,76,86.019
2010-07-30,1101.6,9537.3,2742.14,649.7606,498.6,101.984,123.8125,130008,1.2,579,0.3,67.8,81.539
2010-08-31,1049.33,8824.06,2622.95,662.152,451.6,107.704,126.5,129971,1.1,580,0.1,68.9,83.202
2010-09-30,1141.2,9369.35,2747.9,713.0944,494.24,112.813,126.046875,129928,1.1,563,0.7,68.2,78.72
2010-10-29,1183.26,9202.45,2844.99,729.0917,498.76,116.947,126.28125,130156,1.2,558,-0.1,67.7,77.266
2010-11-30,1180.55,9937.04,2650.99,744.9216,511.82,119.21,125.046875,130300,1.1,560,0.9,71.6,81.195
2010-12-31,1257.64,10228.92,2792.82,858.2538,552.77,122.25,120.4375,130395,1.5,632,1.2,74.5,79.028
2011-01-31,1286.12,10237.92,2953.63,870.2725,550.72,114.62,120.796875,130464,1.6,566,-0.1,74.2,77.735
2011-02-28,1327.22,10624.09,3013.09,881.7734,557.91,121.09,120.34375,130660,2.1,536,0.8,77.5,76.889
2011-03-31,1325.83,9755.1,2910.91,840.1016,607.14,123.54,119.03125,130865,2.7,590,1.2,67.5,75.857
2011-04-29,1363.61,9849.74,3011.25,829.3416,644.46,133.53,121.140625,131169,3.2,578,-0.1,69.8,72.933
2011-05-31,1345.2,9693.73,2861.92,819.5853,577.71,131.74,124.03125,131284,3.6,624,0.8,74.3,74.638
2011-06-30,1320.64,9816.09,2848.53,838.7885,533.79,128.82,122.328125,131493,3.6,633,-0.1,71.5,74.303
2011-07-29,1292.28,9833.03,2670.37,873.2602,532.87,139.65,125.6875,131571,3.6,627,0.7,63.7,73.897
2011-08-31,1218.89,8955.2,2302.08,823.5727,492.3,156.81,130.03125,131703,3.8,645,-1.1,55.7,74.117
2011-09-30,1131.42,8700.29,2179.66,622.464,438.4,138.88,130.09375,131928,3.9,616,-0.4,59.4,78.553
2011-10-31,1253.3,8988.39,2385.22,709.1285,514.62,147.69,129.0625,132094,3.5,667,0.7,60.9,76.166
2011-11-30,1246.96,8434.61,2330.43,698.5871,554.75,149.64,130.15625,132268,3.4,709,0.1,64.1,78.384
2011-12-30,1257.6,8455.35,2316.55,673.2368,545.22,133.95,131.125,132498,3,701,0.7,69.9,80.178
2012-01-31,1312.41,8802.51,2416.66,736.4415,542.19,148.53,132.25,132809,2.9,684,0,75,79.288
2012-02-29,1365.68,9723.24,2512.11,752.1747,587.18,146.04,131.265625,133080,2.9,707,0.8,75.3,78.737
2012-03-30,1408.47,10083.56,2477.28,748.0257,562.37,142.45,129.484375,133285,2.7,769,0.2,76.2,79.004
2012-04-30,1397.91,9520.89,2306.43,745.9432,569.7,141.8,132.28125,133397,2.3,723,-0.2,76.4,78.776
2012-05-31,1310.33,8542.73,2118.94,660.5383,468.37,133.09,134.90625,133522,1.7,784,0.4,79.3,83.043
2012-06-29,1362.16,9006.78,2264.72,682.8492,458.22,136.49,133.375,133609,1.7,760,-0.6,73.2,81.627
2012-07-31,1379.32,8695.06,2325.72,671.0732,472.81,136.97,134.65625,133762,1.4,811,0.4,72.3,82.635
2012-08-31,1406.58,8839.91,2440.71,675.904,516.42,143.16,134.75,133927,1.7,801,-0.4,74.3,81.208
2012-09-28,1440.67,8870.16,2454.26,728.1865,491.84,150.48,133.484375,134065,2,890,0.5,78.3,79.935
2012-10-31,1412.16,8928.29,2503.64,688.0749,458.09,145.83,133.03125,134225,2.2,868,0.2,82.6,79.919
2012-11-30,1416.18,9446.01,2575.25,708.3185,469.65,145.1,134.125,134472,1.8,900,0,82.7,80.153
2012-12-31,1426.19,10395.18,2635.93,701.7298,481.96,141.97,132.78125,134691,1.7,909,0.4,72.9,79.769
2013-01-31,1498.11,11138.66,2702.98,720.9281,509.28,140.62,131.28125,134839,1.6,904,0.5,73.8,79.207
2013-02-28,1514.68,11559.36,2633.55,689.1627,478.12,133.52,132.703125,135107,2,939,0.5,77.6,81.949
2013-03-29,1569.19,12397.91,2624.02,664.191,502.68,134.83,131.984375,135195,,,,78.6,82.976
