,CESIUSD Index,CESIG10 Index,CESIJPY Index,CESICNY Index,CESIEUR Index
2013-05-13,-7.3,-27.3,-42,-36.7,-69.1
2013-05-10,-7.3,-27.3,-42,-36.7,-69.1
2013-05-09,-6.9,-27.1,-37.9,-36.8,-68.4
2013-05-08,-7.9,-29.6,-38.4,-36.9,-68.5
2013-05-07,-4.9,-29.3,-39.2,-33.9,-72.4
2013-05-06,-3.1,-29.4,-38.6,-32.1,-75.1
2013-05-03,0.3,-28.6,-38.5,-29.3,-77.7
2013-05-02,4.2,-27.1,-38.6,-28.7,-78
2013-05-01,-3.8,-31.3,-38.7,-28.2,-80.2
2013-04-30,-1.7,-30.2,-39,-27.6,-79.3
2013-04-29,-5.3,-33.8,-49.2,-27.8,-81.6
2013-04-26,-12.4,-36.3,-54.4,-27.9,-78.3
2013-04-25,-6.2,-33.6,-55.5,-27.9,-77
2013-04-24,-7.9,-32.8,-56.4,-27.9,-69.2
2013-04-23,-4.9,-27.7,-57.3,-27.9,-56.4
2013-04-22,-5,-22.3,-58,-16.7,-38.2
2013-04-19,-4.9,-20.1,-59.6,-16.5,-29.3
2013-04-18,-5,-19.3,-60,-16.5,-27.3
2013-04-17,-3.7,-18.3,-60.5,-18.1,-25.7
2013-04-16,-4.1,-18,-60.9,-17.5,-24.3
2013-04-15,3,-15.7,-61.7,-17.1,-23.7
2013-04-12,7.8,-13,-61,11.6,-21
2013-04-11,16.8,-9.2,-61.1,11.8,-20.3
2013-04-10,15.1,-9.4,-62.3,11.9,-19.6
2013-04-09,12.3,-10.8,-62.1,16.4,-20.8
2013-04-08,10.8,-11.4,-62.1,20.4,-20.1
2013-04-05,8,-11.3,-64,25.9,-13.6
2013-04-04,9.3,-10.2,-64.2,27.1,-14.5
2013-04-03,12.3,-8.5,-64.3,28,-10.7
2013-04-02,17.4,-6.2,-64.5,28.9,-9.9
2013-04-01,16.8,-7,-64.6,29.7,-11.5
2013-03-28,18.9,-0.3,-26.7,34.2,-8.3
2013-03-27,25.1,3.1,-29.5,34.5,-3.5
2013-03-26,25.1,5,-31.3,34.8,8.4
2013-03-25,30.2,7.6,-32.5,35.2,10.9
2013-03-22,29.1,7.7,-34.5,36.1,12.4
2013-03-21,28.8,9.4,-35,36.4,18.6
2013-03-20,27.2,16.9,-35.4,36.7,51.8
2013-03-19,26.9,17.1,-35.8,36.9,52
2013-03-18,21,13.8,-36.1,32.5,49.1
2013-03-15,27,15.2,-37.1,33,47
2013-03-14,29.3,16,-37.3,33.2,46.6
2013-03-13,27.4,13.9,-37.6,33.3,46.4
2013-03-12,21.1,11.6,-40.5,33.5,48.7
2013-03-11,21,11.8,-42.3,33.7,49.1
2013-03-08,21.1,15.6,-25,58.2,54.4
2013-03-07,5.1,8.6,-26.2,22.3,56.5
2013-03-06,7,10.9,-26.9,21.6,61.3
2013-03-05,6.3,10.7,-27.6,21,60.9
2013-03-04,5.2,8.5,-28.1,20.6,57.3
2013-03-01,7.7,12.7,-29.6,19.8,67.7
2013-02-28,2.8,10.3,-36.2,24,67.8
2013-02-27,6.7,15.1,-28.5,23.5,76.2
2013-02-26,7.7,14.5,-25.4,23.2,69.1
2013-02-25,-5,10.4,-21.1,23,70.6
2013-02-22,-4.8,12.5,-14,22.5,74.4
2013-02-21,-4.7,6.2,-12.5,22.4,47.4
2013-02-20,-3.7,12.5,-11.3,22.3,66.7
2013-02-19,-2.5,13,-11,23.5,67.8
2013-02-15,-2,12.1,-7.4,23.1,63.5
2013-02-14,-5,12.8,-6.6,23.1,64.5
2013-02-13,-7,14.6,5.3,23,68.2
2013-02-12,-9,13.6,2.2,22.9,69
2013-02-11,-10,13.6,2.7,22.9,70.2
2013-02-08,-12.5,13,4.5,22.8,71
2013-02-07,-30,7.5,7.5,2.3,71.9
2013-02-06,-29.8,6.3,0.4,2.9,72
2013-02-05,-29.9,6.1,0.9,4.1,71.8
2013-02-04,-29.3,4.8,-0.9,4.8,69.2
2013-02-01,-28.1,4.7,-2.7,6.1,68.8
2013-01-31,-27.9,2.4,-2.2,12.9,61.6
2013-01-30,-30.8,4.2,18.3,13.1,63.6
2013-01-29,-7,14.5,19.3,13.3,65.1
2013-01-28,0.3,17.3,20.5,13.5,64.7
2013-01-25,-2,15.8,15.2,14,66.5
2013-01-24,-0.6,16,13.6,14.1,60.1
2013-01-23,-3,7.1,12.3,14.3,34.9
2013-01-22,-2.1,7.4,11.4,14.4,36.7
2013-01-18,2.2,3,7.1,14.8,12.8
2013-01-17,5.2,4.3,6.6,11,11.4
2013-01-16,3.3,3.6,8.4,11.1,10.2
2013-01-15,7.9,4.2,0.4,12,9.2
2013-01-14,8.9,4.4,0.1,15,8.4
2013-01-11,10.9,4.8,-0.8,19.1,6.3
2013-01-10,28.7,12.3,-4.3,19.9,5.7
2013-01-09,30,13.1,-4.6,-2.4,4.9
2013-01-08,31.1,14.3,-4.8,-0.7,6.6
2013-01-07,31.9,14.1,-5.3,0.5,4.6
2013-01-04,34.1,13.1,-5.1,3.2,-2.1
2013-01-03,34.7,12.7,-5,3.8,-2.8
2013-01-02,33.1,12.1,-5,4.5,-3.1
2012-12-31,39.9,13.7,-5,9.8,-7.1
2012-12-28,47.7,16.8,-4,10.7,-7.8
2012-12-27,49.1,18.8,7.7,10.8,-7.9
2012-12-26,55.5,21.5,8.3,11,-7.9
2012-12-24,54.3,21,9.3,11.4,-8.8
2012-12-21,54.8,20.6,10.1,12,-11.9
2012-12-20,56,22.4,10.3,12.2,-11.5
2012-12-19,46.2,24,10.4,12.4,6.8
2012-12-18,47,23.6,10.6,12.6,4.1
2012-12-17,47.4,24.4,10.6,13.7,6.1
2012-12-14,50.6,26.6,10.8,14.8,8.6
2012-12-13,51.1,28,28,15.1,4.4
2012-12-12,48.5,27.3,28.1,15.3,4.7
2012-12-11,48,26.2,27.4,15.5,3.9
2012-12-10,49.7,22.1,27.5,15.7,-11.3
2012-12-07,50.8,23.5,29,30,-10
2012-12-06,35.5,18.8,28.7,29.3,-2.6
2012-12-05,34.7,17.5,28.5,29,-7.9
2012-12-04,33,14,28.4,28.8,-19.2
2012-12-03,35.1,15.3,28.4,28.7,-18.8
2012-11-30,43.1,19.2,28.3,30.8,-16.3
2012-11-29,43.9,13.9,-25.3,30.8,-13.7
2012-11-28,47,12.6,-24.5,29.6,-21.4
2012-11-27,49,11.4,-30.1,28.9,-26.1
2012-11-26,47.5,10.2,-34,28.5,-26.3
2012-11-23,47.4,11.1,-40.5,27.6,-21.3
2012-11-21,46.5,6.5,-43.2,27.3,-35.6
2012-11-20,48.4,7.1,-44.3,27.2,-35.3
2012-11-19,46.8,6.2,-47.1,27.6,-35
2012-11-16,47.5,6.1,-49.6,27.4,-34.4
2012-11-15,50.7,7.3,-50.4,27.3,-34.3
2012-11-14,57,9.5,-51,27.3,-37
2012-11-13,60.7,11.7,-51.7,27.3,-36.9
2012-11-09,60.7,12.4,-55.6,22,-29.5
2012-11-08,59.6,12.2,-58.4,16.2,-27.7
2012-11-07,50.5,10.5,-45.8,16.1,-27.8
2012-11-06,50.7,11.3,-47.2,13.1,-24.9
2012-11-05,52.8,14.7,-50.3,9.1,-15
2012-11-02,56.6,15.7,-55,3,-17.4
2012-11-01,51.4,13.2,-56.1,1.8,-19.1
2012-10-31,48.1,11.7,-57.2,0.7,-19.2
2012-10-30,50.2,13.8,-57.2,-0.3,-17.4
2012-10-29,51,16.8,-42.1,-1.2,-14.5
2012-10-26,54.6,17.6,-40.7,-4.5,-16.5
2012-10-25,51.7,15.8,-43.3,-5.3,-17.4
2012-10-24,48.2,9.9,-45.3,-6,-20.3
2012-10-23,49,18.2,-47.7,-6.7,6.5
2012-10-22,50.6,19.5,-49.5,-7.3,9.1
2012-10-19,53.2,18.3,-53.7,-8.9,4.3
2012-10-18,53.9,18.4,-54.8,-8,3.3
2012-10-17,55.5,18.3,-55.9,-28.4,2.4
2012-10-16,52.4,16.2,-56.8,-28.9,1.7
2012-10-15,55.5,17.2,-57.7,-29.3,1.8
2012-10-12,49.4,13.2,-60.2,-42.9,0.4
2012-10-11,45.7,11.4,-60.9,-43.4,0.1
2012-10-10,42.7,9.9,-59.5,-43.9,-0.3
2012-10-09,42.6,8.5,-60.1,-43.6,-3.2
2012-10-05,43.5,7.5,-69.7,-38.8,-4.2
2012-10-04,17.7,-4.4,-71.7,-38.8,-3.1
2012-10-03,17.4,-5,-73.3,-38.9,-3.6
2012-10-02,10.9,-6.4,-74.6,-39.1,-0.2
2012-10-01,11,-6.4,-75.8,-39.2,0
2012-09-28,5.8,-10.9,-82.4,-36.6,-6.9
2012-09-27,8.8,-9.6,-82.8,-36.3,-5.7
2012-09-26,28.9,-0.4,-82.2,-36.1,-1
2012-09-25,29.1,1.4,-81.3,-36.1,3.2
2012-09-24,20.6,-2.2,-80.6,-36.1,2.8
2012-09-21,20.6,-0.9,-79.6,-36.3,5.8
2012-09-20,20.6,-0.9,-79.5,-36.4,4.9
2012-09-19,20.5,-6.1,-78.7,-36.4,-12.2
2012-09-18,20,-6.7,-78.7,-38.2,-13
2012-09-17,19.1,-8,-78.7,-38.3,-16.1
2012-09-14,20.4,-9.7,-78.9,-38.6,-22.5
2012-09-13,25.1,-5.5,-79,-38.7,-17.3
2012-09-12,26.3,-5.2,-79.2,-38.8,-18.6
2012-09-11,25.1,-7.4,-83.1,-38.8,-19.7
2012-09-10,18.5,-11.3,-83.2,-38.9,-20.7
2012-09-07,15,-14.3,-75.3,-38.6,-29.7
2012-09-06,5.5,-21,-75.2,-35.3,-33.8
2012-09-05,-2,-24.2,-75.2,-34.1,-34.7
2012-09-04,-2.8,-24.7,-75.9,-33.3,-34.2
2012-08-31,-3.4,-22.8,-77.3,-23,-30.7
2012-08-30,-4,-19.8,-41.6,-22.7,-33.4
2012-08-29,-3.9,-19.3,-38.3,-22.3,-33.3
2012-08-28,-6.9,-24.4,-38.4,-24.5,-45.1
2012-08-27,-3.4,-24,-38.5,-25.7,-49
2012-08-24,-9.3,-26.8,-39.2,-27.5,-51.4
2012-08-23,-13.7,-28.7,-39.4,-27.8,-52.5
2012-08-22,-14.6,-29.2,-39.6,-28.1,-53.9
2012-08-21,-15.3,-29.1,-39.7,-28.4,-54.7
2012-08-20,-16.1,-30.7,-39.9,-28.6,-59.3
2012-08-17,-18.1,-34.2,-40.5,-29.2,-66.4
2012-08-16,-19.7,-34.6,-40.8,-29.4,-68.1
2012-08-15,-19.1,-34.9,-41,-27.2,-69.5
2012-08-14,-12.1,-32.9,-41.2,-27.3,-70.7
2012-08-13,-19.7,-37.4,-42.7,-27.5,-69.6
2012-08-10,-20.9,-35,-26,-28,-68.5
2012-08-09,-21.3,-34.4,-25.8,-9.4,-67.9
2012-08-08,-33.5,-36.9,-12.5,5.1,-68
2012-08-07,-33.8,-37,-14.6,-2.9,-67.9
2012-08-06,-34.7,-38.3,-13.9,-9.1,-66.3
2012-08-03,-36.2,-38.7,-13,-19.1,-67
2012-08-02,-39.7,-41.1,-12.8,-21.3,-70.9
2012-08-01,-40.6,-41.8,-12.7,-23.2,-71.3
2012-07-31,-41.9,-41.9,-12.5,-20.8,-71.7
2012-07-30,-49,-43.1,-10.9,-22.3,-66.5
2012-07-27,-51,-42.8,10.1,-26.7,-70
2012-07-26,-53.8,-43.6,15,-27.9,-69.8
2012-07-25,-59.6,-47.6,15.1,-29,-74.6
2012-07-24,-59.6,-44.3,12,-30,-67.6
2012-07-23,-60.8,-42.6,10.4,-30.9,-57.8
2012-07-20,-64.5,-47.3,7.6,-33.4,-64
2012-07-19,-65.3,-48.1,7.1,-34.1,-66.8
2012-07-18,-61.1,-47.1,6.6,-34.8,-68.9
2012-07-17,-62.3,-48.2,5.6,-35.5,-70.3
2012-07-16,-64,-47.3,4.9,-34.3,-71.9
2012-07-13,-61.6,-47,3.4,-35.4,-73.5
2012-07-12,-61.4,-47.1,3,-40.2,-74
2012-07-11,-64.5,-48.1,2.7,-40.6,-74.6
2012-07-10,-64.9,-48.8,-0.3,-42.1,-75.1
2012-07-09,-62.6,-48.6,-0.6,-45.1,-74.1
2012-07-06,-62.5,-45.8,21.5,-46.2,-74.4
2012-07-05,-60.2,-45.7,22.7,-46.5,-79
2012-07-03,-63.2,-47.5,24.3,-47.2,-82
2012-07-02,-63.9,-47.9,24.8,-47.6,-83
2012-06-29,-60.3,-50.9,2.2,-51.6,-89.1
2012-06-28,-60.6,-53.7,-2.5,-48.5,-91
2012-06-27,-60.9,-53.7,-4.7,-46.8,-90.5
2012-06-26,-62.2,-56.2,-8.4,-45.7,-94.6
2012-06-25,-61.6,-50.5,-9.6,-44.9,-75.8
2012-06-22,-64.4,-52,-12.1,-43.5,-75.8
2012-06-21,-64.8,-51.2,-12.7,-43.2,-74.3
2012-06-20,-59.3,-47.3,-13.3,-42.9,-68.3
2012-06-19,-59.7,-46.7,-13.7,-42.8,-65.5
2012-06-18,-59.6,-42.2,-14.2,-42.6,-52.9
2012-06-15,-60.6,-43.9,-16,-42.3,-55.8
2012-06-14,-54.5,-41.1,-16.5,-42.8,-56.3
2012-06-13,-53.6,-40.9,-16.9,-42.8,-56.9
2012-06-12,-48.4,-40.1,-25.8,-42.8,-57.3
2012-06-11,-49.4,-40.1,-22.9,-43.5,-57.7
2012-06-08,-50.1,-41.5,-25.9,-61.6,-58.4
2012-06-07,-48.9,-40.2,-21.8,-61.9,-57.5
2012-06-06,-49.2,-41.6,-22.4,-67.3,-57.5
2012-06-05,-50.5,-42.4,-22.9,-73.9,-54.3
2012-06-04,-52.3,-42.4,-24.3,-78.3,-51.4
2012-06-01,-53.6,-44.6,-26.6,-86.4,-54.5
2012-05-31,-35.9,-37,-27.2,-72.6,-56.5
2012-05-30,-30,-35.3,-28.1,-74.3,-55.2
2012-05-29,-30.2,-33.9,-29,-75.8,-47.6
2012-05-25,-24.5,-32.4,-25.3,-80.2,-49.9
2012-05-24,-25.4,-33,-24.9,-81.1,-50.9
2012-05-23,-25.3,-24.7,-24.7,-82,-25.9
2012-05-22,-25.5,-24.1,-24.6,-82.9,-26.4
2012-05-21,-25.3,-23.4,-24.5,-83.7,-25.7
2012-05-18,-25.1,-23.1,-22.8,-85.9,-25.5
2012-05-17,-25.1,-23.5,-22.8,-86.6,-25.6
2012-05-16,-19.4,-21.9,-28.2,-87.2,-25.6
2012-05-15,-23,-25.2,-28.6,-87.8,-29.1
2012-05-14,-23.4,-29.3,-28.7,-87.2,-42.1
2012-05-11,-24.3,-27.6,-31.1,-88.9,-35.9
2012-05-10,-25.6,-29.1,-32.5,-37.7,-34.4
2012-05-09,-21.6,-27.8,-37,-28.5,-33.6
2012-05-08,-22,-27.8,-37.8,-28.4,-33.1
2012-05-07,-23.1,-30,-39.1,-28.6,-38
2012-05-04,-23.4,-28.7,-40.5,-29.1,-34.7
2012-05-03,-24.2,-26.3,-40.9,-29.5,-27.8
2012-05-02,-20.4,-24,-41.3,-29.5,-27.9
2012-05-01,-12.8,-14.8,-41.7,-29.8,-9.3
2012-04-30,-14,-15.1,-42,-27,-9.3
2012-04-27,-8,-12.5,-40.8,-24.6,-13.9
2012-04-26,-2,-10.8,-19.4,-24.4,-23.6
2012-04-25,-0.1,-7.4,-20,-24.2,-14.7
2012-04-24,4.2,-3.8,-19.9,-24,-16.9
2012-04-23,4.3,-3.4,-19.8,-23.9,-18.3
2012-04-20,5,3.6,-19.7,-23.8,3.7
2012-04-19,5.3,2.6,-15.9,-23.8,1
2012-04-18,9,4,-15.9,-23.8,0.5
2012-04-17,9.2,3.8,-15.9,-23.8,0.1
2012-04-16,13,2.5,-15.9,-26.3,-7.1
2012-04-13,14.7,5.7,-13.2,-22.3,0.7
2012-04-12,15.4,6.8,-11.6,-13.6,2.7
2012-04-11,4.8,3.1,-10.4,-12.8,4.3
2012-04-10,4.5,1.6,-21.1,-12.2,5.5
2012-04-09,4.6,4.1,-20.3,-16.7,12
2012-04-05,6.9,5.2,-27.1,-15.2,15.8
2012-04-04,6.8,4.6,-26.7,-15,18.7
2012-04-03,11.8,6,-26.4,-14.7,16.7
2012-04-02,15,7.4,-26.2,-14.5,16.5
2012-03-30,18.9,10,-13.4,-36.6,13.9
2012-03-29,19.6,11.2,8.1,-34.6,8.2
2012-03-28,21.5,12.4,1.6,-33.3,11.1
2012-03-27,23.6,13,1.8,-32.4,8.6
2012-03-26,24.2,13,2,-31.7,8
2012-03-23,27.4,12.8,-4.9,-30.2,5.8
2012-03-22,29,7.5,-5.9,-29.8,-13.6
2012-03-21,29.6,17.2,-6.6,-29.5,12.7
2012-03-20,30.8,17.8,-4.8,-29.2,12.6
2012-03-19,31.6,17.7,-5.4,-28.9,12.5
2012-03-16,33.1,19.2,-6.6,-28.2,14.8
2012-03-15,41,22.9,-6.9,-28,15.4
2012-03-14,39.9,22.5,-7.2,-22.9,15.9
2012-03-13,41,24.9,-7.5,-22.7,19.8
2012-03-12,38.3,22,3.7,-22.5,10.4
2012-03-09,39,22.9,2.9,11.4,12.1
2012-03-08,45.6,26.5,3.2,34.1,12.8
2012-03-07,46.9,26.8,8.8,35.6,8.9
2012-03-06,47.5,29.9,9.9,36,15.2
2012-03-05,48.2,29.8,8.5,36.5,15.3
2012-03-02,45.1,31.7,6.9,37.7,24
2012-03-01,45.1,31.9,9,38,24.1
2012-02-29,49.9,33.9,8.8,37.3,25.1
2012-02-28,47.6,37.4,0.1,37.6,44.6
2012-02-27,47.8,35.8,-5.4,36.5,42
2012-02-24,58,39,-3.2,35.5,37.3
2012-02-23,58.3,39.2,-3.2,35.4,37.2
2012-02-22,59.8,37.8,-3.2,35.4,30.3
2012-02-21,61.8,38.6,-3.2,35.4,30.4
2012-02-17,64.9,41.7,-3.2,35.5,35.6
2012-02-16,65.5,40.1,-3.2,35.5,36.3
2012-02-15,63.3,39.3,-3.2,35.6,36.8
2012-02-14,70.8,41.1,-3.2,35.6,33
2012-02-13,68.5,33.9,-3.2,35.7,11.7
2012-02-10,73.3,37.8,11.3,35.9,10.2
2012-02-09,76.6,39.8,11.4,33.6,12.2
2012-02-08,76.4,38.8,15.4,33.7,12
2012-02-07,77.6,38.8,11.9,33.7,11.8
2012-02-06,79.7,42.4,11.5,33.7,22.4
2012-02-03,83.7,42.5,12.7,32.4,17.5
2012-02-02,49.5,28,12.9,32.3,16.6
2012-02-01,49.9,27.9,13,32.1,15.9
2012-01-31,53.2,27.5,13.2,22.5,13.2
2012-01-30,63.5,32,4.2,22.4,16.9
2012-01-27,65.4,32.1,2.6,18.5,16.3
2012-01-26,68.6,36.5,1.7,17.5,27.8
2012-01-25,69,36.3,1,16.7,27.1
2012-01-24,69.9,34.2,-1.2,16.1,19.1
2012-01-23,70.6,33.9,-2.8,15.5,18.8
2012-01-20,71.2,34.3,-5.8,14.3,21.3
2012-01-19,71.6,35.4,-6.5,14,20.9
2012-01-18,69.9,35.4,-7.1,13.7,20.5
2012-01-17,68.9,34.6,-7.6,13.4,20.2
2012-01-13,72.4,22.5,-27.7,-2.5,-17.8
2012-01-12,77.4,24.5,-28.1,-2.3,-18.3
2012-01-11,87.8,28.5,-29.4,-2.1,-18.8
2012-01-10,88.8,29.2,-29.7,-2,-18
2012-01-09,89.7,28.7,-29.9,-3.3,-21
2012-01-06,91.9,31,-25.7,-5.1,-19.6
2012-01-05,73.4,26.3,-25.1,-5.4,-11.1
2012-01-04,63.6,21.5,-24.6,-5.7,-10.9
2012-01-03,65,23.3,-24.2,-6,-8.7
2011-12-30,68.5,25,-24.3,-19.8,-8.8
2011-12-29,69.4,25.6,-24.7,-20,-8.8
2011-12-28,69.5,27.9,-24.9,-20,-1.6
2011-12-27,71.2,32.8,3.7,-20.1,-0.9
2011-12-23,71.2,33,3.1,-20.6,-0.9
2011-12-22,69.4,32.8,3.4,-20.8,-0.1
2011-12-21,70.5,32.9,3.7,-20.9,0.4
2011-12-20,73.9,34,4,-21,1.1
2011-12-19,73.4,30.7,4.2,-21.1,-9.2
2011-12-16,75.5,32,4.8,-21.5,-8.7
2011-12-15,71.9,30.2,5,-21.6,-10
2011-12-14,74.7,30.7,-3.1,-21.7,-9.9
2011-12-13,75,30.4,-3,-21.8,-9.8
2011-12-12,77.8,30.7,-4.2,-21.9,-12.4
2011-12-09,78,31.1,-3.9,-29.9,-13.1
2011-12-08,76.1,29.9,-10.4,-26.9,-11.2
2011-12-07,74.9,31.7,3.6,-26,-11.5
2011-12-06,75.1,31.5,3.6,-26.5,-11.7
2011-12-05,77.2,27.6,1.5,-26.7,-25.2
2011-12-02,85.7,31,-1.3,-27.2,-22.7
2011-12-01,61.9,22.3,-1.8,-27.3,-22.4
2011-11-30,61.8,22.8,-2.2,-18.6,-22.2
2011-11-29,51.4,17.5,-21.9,-18.7,-18.5
2011-11-28,40.5,13.7,-8.7,-18.9,-18.5
2011-11-25,41.1,14.8,-11.4,-19.4,-14.4
2011-11-23,41.1,11.3,-12.6,-19.6,-25.2
2011-11-22,40.8,11,-13.1,-19.7,-25.6
2011-11-21,48.9,13.7,-13.5,-19.8,-27.1
2011-11-18,48.9,9.9,-14.5,-20.1,-39.3
2011-11-17,49.1,9,-14.8,-20.1,-41.8
2011-11-16,49.9,7.5,-15.1,-20.2,-43.9
2011-11-15,44.6,4.3,-15.3,-20.3,-45.6
2011-11-14,36.5,3.7,-15.6,-20.4,-36.6
2011-11-10,31.8,-4.5,-10.5,-20.6,-57.9
2011-11-09,24.3,-5.6,-7.4,-20.2,-53.4
2011-11-08,23.6,-6.9,-12.4,-15.6,-55.9
2011-11-07,21.6,-8.3,-10.1,-15.7,-58.2
2011-11-04,18.7,-8.6,-4.9,-16.6,-57.6
2011-11-03,13.6,-4.8,-4,-17.1,-45.7
2011-11-02,14,-4.7,-3.2,-17.5,-47.2
2011-11-01,14.5,-5.2,-2.4,-17.8,-49.4
2011-10-31,18,-4.6,-1.8,-2.9,-50.1
2011-10-28,17.8,-3.5,11.5,-2.6,-51.4
2011-10-27,15.2,-0.8,22.9,-2.3,-44.8
2011-10-26,14.9,-2.8,25.1,-2.1,-52.1
2011-10-25,11.9,-4.4,25,-2,-52.9
2011-10-24,17,-2.6,25.4,-1.8,-54.1
2011-10-21,14.8,-4.8,26.5,-1.6,-58.1
2011-10-20,14.4,-5.3,26.8,-1.6,-59.4
2011-10-19,8.5,-8.8,27,-1.6,-60.6
2011-10-18,10.6,-8.8,27.3,-1.5,-62.9
2011-10-17,2,-13.1,27.6,-8.8,-60.2
2011-10-14,2.2,-12.2,28.3,-8.8,-57.4
2011-10-13,-0.6,-16.5,28.5,-8.8,-67
2011-10-12,-1.5,-17.7,28.1,0.1,-68.2
2011-10-11,-2.5,-20.6,15,0.1,-69.3
2011-10-07,-7.5,-28.1,12.3,11,-82.7
2011-10-06,-14.7,-33.9,12.5,12.8,-86.8
2011-10-05,-16.6,-33.4,12.7,14,-82.6
2011-10-04,-21.9,-35.9,13.6,15,-82.8
2011-10-03,-23.3,-36.8,14.2,16,-82.9
2011-09-30,-29.5,-38.3,21.4,17.2,-81.4
2011-09-29,-36.5,-44.3,6.5,17.8,-85.1
2011-09-28,-42,-44.6,10,18.4,-80
2011-09-27,-41.8,-42.3,10.3,18,-72.6
2011-09-26,-40.4,-44.1,10.9,17.9,-80.6
2011-09-23,-40.8,-46.5,13.4,18.3,-90.2
2011-09-22,-41,-46.2,14,18.5,-89.1
2011-09-21,-41,-45.1,14.5,18.7,-87.5
2011-09-20,-42.3,-45.8,14.9,18.9,-86.5
2011-09-19,-42.2,-46.2,15.3,19.1,-88.2
2011-09-16,-43.1,-46.7,16.2,19.7,-88.2
2011-09-15,-42.2,-46.5,16.5,19.9,-88.4
2011-09-14,-39.4,-45.9,16.8,20,-88.6
2011-09-13,-38.5,-46.4,17,20.2,-88.8
2011-09-12,-39.5,-47.5,17.3,20.4,-90.4
2011-09-09,-41.8,-48,18.5,17.3,-86.9
2011-09-08,-42.3,-48.5,17.9,24.5,-91.7
2011-09-07,-54.7,-50.7,31.1,25.3,-87.7
2011-09-06,-55.1,-56.5,30.7,25.6,-103.1
2011-09-02,-57.7,-57,30.2,27,-102.3
2011-09-01,-48.1,-53.3,30.2,27.4,-102.8
2011-08-31,-53.1,-55.4,30.3,28.7,-103.3
2011-08-30,-59.6,-58.1,31.8,29,-102.9
2011-08-29,-55,-55.3,37.8,29.3,-102.3
2011-08-26,-67.8,-61.8,34.3,31.4,-104.2
2011-08-25,-68.7,-61.8,33.4,31.8,-102.9
2011-08-24,-69.7,-62.6,32.7,32.2,-103.4
2011-08-23,-74.5,-59.5,32.6,32.6,-86
2011-08-22,-76.6,-53.3,32.4,32.9,-63.1
2011-08-19,-82.5,-56.6,31.8,33.8,-65.3
2011-08-18,-83.9,-57.5,31.7,34.1,-65.9
2011-08-17,-72.9,-53,31.6,34.3,-66.4
2011-08-16,-74.1,-43.3,31.4,34.6,-33.3
2011-08-15,-79.2,-41.2,27.6,34.8,-16.2
2011-08-12,-79.1,-43.2,6.9,33.9,-15.4
2011-08-11,-78.8,-42.7,7.9,33.7,-14.8
2011-08-10,-70.5,-40.4,-2.7,33.6,-14.4
2011-08-09,-71.5,-39.2,-8.5,24.8,-5.7
2011-08-08,-72.5,-38.1,-9.3,38.9,-3
2011-08-05,-76.1,-38.6,-9.3,36.3,0.2
2011-08-04,-88,-40.6,-9.5,35.9,5.9
2011-08-03,-89.4,-43.3,-9.7,35.6,-0.7
2011-08-02,-90.4,-43.8,-9.9,35.4,-1.5
2011-08-01,-92.6,-45.2,-10.1,35.2,-1.5
2011-07-29,-91.4,-45.1,-10.6,29.6,-3
2011-07-28,-83.2,-40.7,-7.4,27.9,-4
2011-07-27,-86.2,-41.7,-10,26.9,-1.2
2011-07-26,-83.8,-40.4,-10.1,26.2,0.5
2011-07-25,-89,-44.4,-18.7,25.7,-1.8
2011-07-22,-92.8,-48.8,-31.5,24.5,-5.3
2011-07-21,-93.8,-45.9,-34,24.2,3.5
2011-07-20,-94.4,-47,-36.2,23.9,2.9
2011-07-19,-94.7,-46.8,-38.1,23.7,5
2011-07-18,-98,-47.4,-39.7,23.5,7.9
2011-07-15,-99.9,-48.7,-42.5,23,6.4
2011-07-14,-96.1,-47.2,-43.4,22.9,6
2011-07-13,-98,-51.1,-44.3,22.7,-3
2011-07-12,-99.1,-50.7,-45.2,-8,-0.7
2011-07-11,-87.8,-43.6,-47.3,-5.2,0.6
2011-07-08,-91.4,-47.2,-50,1,-4.2
2011-07-07,-73.7,-41.4,-55.4,6.7,-4.3
2011-07-06,-81.3,-45.9,-56.3,10.3,-5.9
2011-07-05,-81.3,-48.9,-57.5,12.9,-13.1
2011-07-01,-85.2,-49.6,-60.9,19.8,-9.8
2011-06-30,-93.6,-52.5,-62.1,27.3,-9.3
2011-06-29,-100.2,-54.9,-64.9,28.4,-5.9
2011-06-28,-99.4,-56,-66.9,28.5,-5.7
2011-06-27,-96.9,-54.6,-68.4,28.9,-4.5
2011-06-24,-97.9,-53.5,-62.2,30.4,-2.7
2011-06-23,-98.9,-56.4,-61,30.9,-11.4
2011-06-22,-98.5,-56,-60.1,31.3,-11.1
2011-06-21,-98.7,-57,-59.4,31.8,-14.8
2011-06-20,-99.5,-53.7,-58.9,32.3,-5
2011-06-17,-101.9,-53.6,-57.9,33.5,-1.8
2011-06-16,-101.1,-53,-57.7,33.9,-1
2011-06-15,-97.7,-47.6,-57.5,34.3,8.3
2011-06-14,-95.4,-45.4,-57.3,34.7,8.9
2011-06-13,-96.6,-45.6,-56.5,24.7,9.4
2011-06-10,-97.8,-44.1,-46,25.6,9.8
2011-06-09,-98.2,-42.2,-45.2,25.9,12.9
2011-06-08,-108.7,-43.1,-21.9,26.2,12.8
2011-06-07,-109.9,-43.5,-29,23.8,16.1
2011-06-06,-112.7,-45.5,-28.8,13,13.7
2011-06-03,-117.2,-46.9,-28.1,-1.5,14.2
2011-06-02,-90.9,-35.9,-28,-4.4,14.4
2011-06-01,-91.3,-36.1,-27.9,-6.8,14.5
2011-05-31,-71.4,-27.1,-27.9,-12.9,14.7
2011-05-27,-57.2,-20.8,-31.8,-18.9,16.5
2011-05-26,-57.9,-19.9,-36.2,-20,23.1
2011-05-25,-48.9,-15.4,-37.4,-21.1,25.6
2011-05-24,-48,-15.4,-38.3,-22,24.6
2011-05-23,-49.8,-16.6,-39,-22.9,22.8
2011-05-20,-49.1,-16.2,-40.6,-25.3,23.1
2011-05-19,-49,-16.1,-41.1,-26.1,18.4
2011-05-18,-43.9,-11.2,-16.9,-26.7,18.7
2011-05-17,-43.8,-10.6,-15.9,-27.4,18.3
2011-05-16,-38.3,-9.8,-16.1,-20.9,20.3
2011-05-13,-34.4,-14.6,-39.5,-15.9,9.3
2011-05-12,-35.8,-23.7,-38.7,-12.6,-19.4
2011-05-11,-35.3,-22.2,-32.5,-10.4,-19.9
2011-05-10,-32.6,-20.5,-32.1,0.9,-20.4
2011-05-09,-32.1,-19.3,-32.8,1.2,-14.1
2011-05-06,-31.3,-20.3,-33.4,3.8,-16.9
2011-05-05,-26.7,-20.3,-33.5,4.4,-18.8
2011-05-04,-20.3,-13.4,-33.6,5,-6
2011-05-03,-6.7,-7.4,-33.7,5.5,-6.7
2011-05-02,-4.2,-5.9,-33.8,5.9,-7.2
2011-04-29,1,-3.8,-33.1,15.7,-8.9
2011-04-28,3.5,2.6,-32.6,15.7,7.4
2011-04-27,11.7,14.4,22.3,15.7,11.3
2011-04-26,12.1,14.7,27.4,15.7,10.4
2011-04-25,10.2,14,27.9,15.8,10
2011-04-21,11.6,13.1,29.2,16.1,9
2011-04-20,19.8,15.4,29.4,16.1,9.7
2011-04-19,19.9,15,25.3,16.2,10
2011-04-18,20.2,14.1,25.5,17.9,10.8
2011-04-15,23,16.3,26.2,20.6,13.3
2011-04-14,25.8,12.5,26.4,-11.1,-3.4
2011-04-13,29.6,14.5,26.6,-10.7,-3
2011-04-12,28.5,15.2,26.8,-10.3,-2.7
2011-04-11,32.8,19.2,25.5,-10,2.4
2011-04-08,34.1,20.5,26.7,-42.6,4.2
2011-04-07,34.5,21.8,29.5,-43.8,4.7
2011-04-06,34.6,20,29.4,-44.6,0.5
2011-04-05,37.1,18.7,29.2,-45.3,-5.7
2011-04-04,43.1,20.8,29.1,-45.8,-3.3
2011-04-01,51.5,25,28.9,-46.9,-0.1
2011-03-31,42.9,21.1,18.3,-47.6,0.6
2011-03-30,44.4,21.6,16.4,-47.9,1.6
2011-03-29,46.1,21.1,8.3,-48.2,1.5
2011-03-28,50.3,19.6,-5.9,-48.5,-1.9
2011-03-25,54.2,22,-5.2,-49.1,0.3
2011-03-24,53.8,19.6,-5,-49.3,-6.9
2011-03-23,57.8,20.1,-4.9,-49.5,-12.3
2011-03-22,61,21.1,-4.8,-49.7,-12.8
2011-03-21,61.6,21.6,-4.7,-49.8,-11.4
2011-03-18,63.3,22.4,-4.5,-50.3,-9.9
2011-03-17,63.8,22.7,-4.5,-50.5,-9.8
2011-03-16,60.2,20.7,-8.9,-50.6,-9.6
2011-03-15,62.6,23,-8.9,-50.7,0.8
2011-03-14,63.5,24.3,-8.8,-50.9,4.2
2011-03-11,68.3,28,-3.6,-48.6,7.6
2011-03-10,74.9,31.2,-2.8,-26.9,8.2
2011-03-09,88.4,37.2,-2.1,47.2,8.3
2011-03-08,91.2,36.7,-3.8,53.8,7.2
2011-03-07,93.2,37.3,-0.4,57.8,5.1
2011-03-04,97.5,39.8,0.5,65.3,6.3
2011-03-03,86.1,34.1,0.9,67,6.5
2011-03-02,83.6,33.3,1.2,68.6,5.7
2011-03-01,77.3,30.8,1.4,70,5.8
2011-02-28,74.5,27.3,-5.5,71.2,6
2011-02-25,70.2,31.8,23.4,74.4,14.6
2011-02-24,77.1,36.5,24.4,75.4,19.5
2011-02-23,77.2,36.4,25.2,76.2,18.4
2011-02-22,76.6,36,25.9,77.1,17.9
2011-02-18,72,33.7,28.1,80,15.8
2011-02-17,72.1,33.8,28.5,80.6,21.2
2011-02-16,63.9,30.7,28.9,81.3,19.5
2011-02-15,67.4,33.8,30.6,81.9,20.2
2011-02-14,68.4,37.5,31,82.4,30.9
2011-02-11,67.1,38.3,21.8,35.8,37.5
2011-02-10,66.6,39,23.5,36.2,39.2
2011-02-09,63.6,39.4,31.1,36.6,37.3
2011-02-08,63.4,40.4,32.2,37,38
2011-02-07,63.2,42.8,32.2,36.2,45.7
2011-02-04,64.1,46.2,36.5,35.6,53.3
2011-02-03,46.8,38.5,37.7,35.6,53.5
2011-02-02,42,35.8,38.7,35.6,53.8
2011-02-01,40.4,34.7,39.6,35.7,52.1
2011-01-31,28.7,34.3,43.3,35.8,66.5
2011-01-28,28.2,34.9,41.3,36.1,70
2011-01-27,33.4,38.2,44.4,36.2,71.9
2011-01-26,42.8,41.9,45,36.3,71.2
2011-01-25,42.2,41.4,43,36.5,71.4
2011-01-24,35.7,43.1,42.1,36.6,70.9
2011-01-21,38.6,45.3,41,37,73.4
2011-01-20,39.2,43.7,40.9,37.1,69.2
2011-01-19,39.5,44.4,40.8,24.7,70.6
2011-01-18,40.6,45.9,40.2,24.8,73.1
2011-01-14,36.2,40.6,40.4,24.3,65.9
2011-01-13,40.2,42.6,40.5,24.2,66.9
2011-01-12,36.4,42.7,49.3,24.3,67.8
2011-01-11,36.7,43.3,49.5,24.3,68.6
2011-01-10,35.8,43.4,49.7,24.3,69.3
2011-01-07,35.1,45.2,57.5,41.9,71.3
2011-01-06,18.9,39.7,58.9,41.9,76.1
2011-01-05,18.9,36.7,60,42,61.6
2011-01-04,14.9,35.2,61.3,42.1,62.1
2011-01-03,14.6,35.3,62.3,42.2,63.4
2010-12-31,14.6,37.4,64.8,42.5,68.1
2010-12-30,14.7,37.6,65.5,42.6,69.1
2010-12-29,6.3,33.8,66.1,42.7,67.5
2010-12-28,6.5,33.4,66.7,42.8,65.2
2010-12-27,11.9,35.4,63.8,42.9,65.7
2010-12-23,12.5,38.7,74.2,43.3,70
2010-12-22,14.3,38.2,75.6,43.4,64
2010-12-21,17.6,40.8,76.9,43.5,65.5
2010-12-20,17.4,41.4,78,43.5,66.7
2010-12-17,17.7,43.5,80.8,43.8,72.9
2010-12-16,17.8,40.2,81.7,43.9,61.3
2010-12-15,14.3,38.9,82.4,44,61.8
2010-12-14,11,34.8,62.5,44.1,62.3
2010-12-13,1.4,30.8,64,44.2,62.2
2010-12-10,1.7,30.7,66.9,26.8,61.3
2010-12-09,-14,24.5,67.6,-9.4,60.8
2010-12-08,-14.1,23,60.8,-5.9,60.5
2010-12-07,-14.1,21,65.7,-3.8,52.5
2010-12-06,-12.1,21.9,66.3,-2.4,53.3
2010-12-03,-9.6,23,72.2,0.4,50.1
2010-12-02,20.6,32.7,51.9,1,49.4
2010-12-01,21.7,33.2,52.9,1.6,48.9
2010-11-30,22.4,34,53.8,2.1,52.1
2010-11-29,19.4,30.9,37.2,2.5,51.8
2010-11-26,24.1,32.5,41.2,3.7,52
2010-11-24,25.9,33.1,43.3,4.3,51.1
2010-11-23,30.4,28.7,44.2,4.5,29.9
2010-11-22,29.7,28.8,44.9,4.8,32.8
2010-11-19,29.7,29.3,46.9,5.5,34
2010-11-18,29.9,29.8,47.5,5.7,35.1
2010-11-17,24.1,27.5,48.1,5.9,36
2010-11-16,29.2,29.4,48.6,6.1,36.7
2010-11-15,28.5,22,51.7,6.3,13.2
2010-11-12,36,24.4,47.3,6.8,12.1
2010-11-10,36.1,25.1,43.9,14.5,16.3
2010-11-09,32.6,25.5,42.4,15,22.6
2010-11-08,32.6,25.5,33.2,15.1,26.3
2010-11-05,26,25.7,28.7,12.3,37.6
2010-11-04,12.8,24.5,27.7,12.1,52.7
2010-11-03,12.7,25.3,26.8,12,54
2010-11-02,10,24.1,26.1,11.9,54.5
2010-11-01,9.1,24,25.5,11.8,56
2010-10-29,1.7,21.3,24.1,11.6,59.1
2010-10-28,-0.5,23,40.4,11.6,59.9
2010-10-27,-1.7,21.9,40.1,11.6,57.6
2010-10-26,-3.7,19.8,36.8,11.5,54.5
2010-10-25,-3.9,18.4,34.7,11.5,57.4
2010-10-22,-4.7,18.9,31,11.5,63
2010-10-21,-4.9,15,30.2,11.5,51.1
2010-10-20,-4.8,13.8,29.4,14.2,46.4
2010-10-19,-4.9,16.6,28.8,14.2,55
2010-10-18,-5.8,18.5,28.2,14.3,62.6
2010-10-15,-3.3,23.3,26.7,14.3,75.2
2010-10-14,-4.1,23.5,26.3,14.3,78.1
2010-10-13,3.1,27.2,25.9,14.3,80.6
2010-10-12,2.2,24.2,1.1,14.4,82.9
2010-10-08,-2.8,24,-0.7,4.5,88.7
2010-10-07,0.8,26.3,-3.1,3.4,89.8
2010-10-06,-0.5,24.4,-3.4,5.4,85.9
2010-10-05,-1.2,21.8,-3.8,6.3,79.3
2010-10-04,-4.4,20.5,-6.6,6.8,81.4
2010-10-01,-6.4,20.4,-10.8,7.4,84.9
2010-09-30,-7.9,20.6,-11.7,7.5,88.1
2010-09-29,-14.9,19.6,0.6,7.5,89.2
2010-09-28,-11.7,14.1,-35.9,7.6,84.6
2010-09-27,-7.1,18.4,-30.1,7.6,90.1
2010-09-24,-8.7,16.6,-25,7.6,84.2
2010-09-23,-8.3,15.6,-24,7.6,79.8
2010-09-22,-8,16.3,-23.3,7.6,80.2
2010-09-21,-8.9,17.8,-22.7,7.6,83.3
2010-09-20,-10.6,17.6,-22.2,7.6,83.9
2010-09-17,-13.7,17.3,-21.2,7.5,87.9
2010-09-16,-7.9,20,-20.9,7.5,89.1
2010-09-15,-10.2,19.4,-26.4,7.5,90.2
2010-09-14,-9.6,17.5,-26.2,7.5,79.9
2010-09-13,-15.5,22,-26,7.5,104
2010-09-10,-16.9,20.4,-26.5,-15.7,101.1
2010-09-09,-17.3,19.8,-26.5,-15.7,100.4
2010-09-08,-30.3,14.7,-26.5,-15.8,100
2010-09-07,-33.4,11.5,-40.3,-15.7,103.6
2010-09-03,-38.4,13,-34.1,2.9,113.8
2010-09-02,-42.3,12.4,-33.4,5,114.9
2010-09-01,-43.2,12.6,-32.8,6.7,115.7
2010-08-31,-53.1,9.6,-32.3,8.2,117.2
2010-08-30,-57.3,5.3,-40.5,9.6,113
2010-08-27,-59.6,3.5,-42.8,12.8,110.3
2010-08-26,-62.8,1.7,-44.4,13.7,110.3
2010-08-25,-64.3,1.3,-45.6,14.5,111.3
2010-08-24,-57.8,0.2,-47.1,15.2,99.4
2010-08-23,-59.5,1.3,-48.2,15.9,103.3
2010-08-20,-59,1.2,-50.4,17.8,103.1
2010-08-19,-59,1.7,-51,18.3,104.1
2010-08-18,-53,3.4,-51.4,18.9,105.1
2010-08-17,-53.2,3.6,-51.9,19.4,105.2
2010-08-16,-57.3,4.5,-54.6,19.8,114.9
2010-08-13,-57.4,9.1,-23.6,21.1,115.1
2010-08-12,-56.1,-2.5,-25.2,21.5,73.6
2010-08-11,-55,-2.2,-26.5,21.9,73.7
2010-08-10,-33,7.9,-21.1,40.9,73.9
2010-08-09,-33,8.2,-21.1,31.4,74
2010-08-06,-32.9,11.1,-20.4,32.7,77.7
2010-08-05,-31.6,14.1,-20.8,33.4,83
2010-08-04,-30.4,13.4,-21.2,33.9,78
2010-08-03,-33.8,13.2,-21.5,34.4,80.1
2010-08-02,-34.1,14.8,-21.8,34.8,83.2
2010-07-30,-37.4,16,-22.8,36,89.8
2010-07-29,-40.8,17,-3,36.3,87.6
2010-07-28,-41.1,14.2,-3.2,36.7,76.6
2010-07-27,-37.9,16.3,-3.8,37,77.8
2010-07-26,-37.1,16.4,-4.3,37.3,76.7
2010-07-23,-37,18.2,-5.2,38.1,80.8
2010-07-22,-36.8,1.7,-5.5,38.4,32.5
2010-07-21,-35.6,-1,-5.7,38.7,20.9
2010-07-20,-35,0.9,-6,38.9,27.3
2010-07-19,-34.1,2.7,-6.2,39.2,32.4
2010-07-16,-33.5,7.1,-5.5,39.9,44.3
2010-07-15,-28.5,10.4,-4.1,40.1,47.2
2010-07-14,-25.3,12.6,-4,68.2,49.7
2010-07-13,-26,14.1,-4,68.4,53.5
2010-07-12,-17.2,20.2,-4,71,63.1
2010-07-09,-19.6,21.4,-4,56,69.7
2010-07-08,-20.1,20,-4,56.8,71.4
2010-07-07,-20.8,19.6,12.4,56.2,66.1
2010-07-06,-21.1,21,12.4,56.1,70.1
2010-07-02,-19.9,22.6,6,56.6,74.2
2010-07-01,-43.6,13.1,5.3,56.8,75.3
2010-06-30,-35.9,12.1,-38,57.1,79.5
2010-06-29,-36.4,13.4,-32.5,57.3,80.5
2010-06-28,-24.8,18,-29.3,57.5,79.5
2010-06-25,-24.3,21,-27.4,58.1,87.1
2010-06-24,-20,23.2,-27.2,58.3,88.1
2010-06-23,-20.6,22.9,-27.1,58.5,87.9
2010-06-22,-14.9,27.5,-26.9,58.7,90.3
2010-06-21,-15.1,23.8,-26.8,58.9,78.5
2010-06-18,-15.8,26.8,-26.6,59.5,88.2
2010-06-17,-15.9,27.4,-26.6,59.7,90.1
2010-06-16,-10.8,29.5,-26.6,59.9,91.7
2010-06-15,-12.1,30.1,-24,60.1,93.1
2010-06-14,-13.6,37.1,-24,60.3,116.1
2010-06-11,-14.2,39,-20.9,60.8,120.1
2010-06-10,3.2,47.2,-20.4,60,121.2
2010-06-09,1.2,44.8,-35.2,8,122.3
2010-06-08,2.6,45.5,-38.8,8,123.3
2010-06-07,4.9,46.9,-38.8,8.9,123.4
2010-06-04,8.2,45.8,-38.4,17.4,115.8
2010-06-03,14.8,48.1,-37.7,18.8,116.4
2010-06-02,15.8,48.5,-37.2,20,117.1
2010-06-01,18.1,50.1,-36.9,21,119.2
2010-05-28,21.7,57.6,-15.5,24,130.2
2010-05-27,23.2,59,-10.6,24.6,131
2010-05-26,30.3,54.6,-10.6,25.1,106.9
2010-05-25,25,53.6,-6.9,25.6,108.5
2010-05-24,20.5,52.3,-4.7,26.1,108.2
2010-05-21,19.4,51.4,-0.9,27.3,104.2
2010-05-20,19.2,51,0,27.7,108.2
2010-05-19,20.7,54.3,15.9,28.1,111
2010-05-18,22.8,54.9,16.6,28.4,110.1
2010-05-17,21.6,55.1,26.6,28.7,111.1
2010-05-14,14.3,52.1,30.7,29.7,111.2
2010-05-13,13.9,52.3,32.3,29.9,111.4
2010-05-12,14.4,52.2,27.9,30.2,111.6
2010-05-11,14.4,45,28.9,30.5,100.7
2010-05-10,14.7,44.4,29.8,32.8,100.3
2010-05-07,11.5,44,38.2,21.5,99.7
2010-05-06,13.4,39.3,39.3,20.6,89.4
2010-05-05,13.2,35.1,40.3,19.9,78
2010-05-04,17.1,36.3,41.4,19.3,76
2010-05-03,20.3,34.5,44.7,18.8,64.2
2010-04-30,20.3,34.5,44.7,17.8,64.2
2010-04-29,18.3,34.1,48,17.6,63.5
2010-04-28,19.2,32.4,48.6,17.4,57.7
2010-04-27,22.9,33.3,48.9,17.2,56.2
2010-04-26,19.7,32.5,49.4,17,57.5
2010-04-23,23.5,35.4,50.7,16.6,62.3
2010-04-22,21.6,26,51.1,16.4,26.3
2010-04-21,22.8,25.1,51.6,16.3,20.2
2010-04-20,23.5,24.5,52,16.3,21.2
2010-04-19,23.8,19,47.4,15.1,9
2010-04-16,28,20.9,48.5,13.4,9.3
2010-04-15,34.4,20.5,48.8,13.1,-1.6
2010-04-14,37.7,21.9,49.2,-1.8,-1.6
2010-04-13,40.1,23.6,49.5,-2.1,0.1
2010-04-12,43.1,24.7,46.9,-2.4,1.2
2010-04-09,42.2,24.7,44.3,5.3,2.9
2010-04-08,42.1,25.5,44,11.4,3.3
2010-04-07,43.4,29.3,61.8,14.8,7.8
2010-04-06,41.8,28.4,61.6,17.3,6.3
2010-04-05,40.1,27.8,61.4,19.1,6.7
2010-04-01,40.1,27.8,61.4,23.9,6.7
2010-03-31,33.8,21.4,30.5,24.8,7.7
2010-03-30,35.9,23.3,35.8,25.5,7.8
2010-03-29,34.5,22.8,41.5,26.2,7.9
2010-03-26,36.3,22.7,41.5,27.9,5.2
2010-03-25,40.8,24.8,41.6,28.4,5.4
2010-03-24,40.7,26.3,41.6,28.9,15.4
2010-03-23,41.5,18.1,42.6,29.4,-13.1
2010-03-22,41.8,17.9,43.2,29.8,-16
2010-03-19,38.4,16.4,44.3,30.9,-16
2010-03-18,37.7,14.3,44.6,31.2,-16.1
2010-03-17,37,13.8,44.9,31.6,-16.1
2010-03-16,36.6,12.3,35,31.9,-16
2010-03-15,36.3,11.1,35.2,32.2,-17.5
2010-03-12,36.1,10.1,39.4,33,-24
2010-03-11,26,5.8,41.7,33.2,-25
2010-03-10,14.8,2.2,51,28.1,-25.8
2010-03-09,17,3.8,52.4,0.7,-26.5
2010-03-08,19.7,6.2,53.8,-1.4,-27.1
2010-03-05,23.4,4.2,36.4,-4.9,-31.2
2010-03-04,12.4,-3.8,35.3,-5.6,-42.6
2010-03-03,12.9,-3.8,34.6,-6.2,-44.1
2010-03-02,13.7,-3.5,34,-6.8,-41.3
2010-03-01,16.1,-3.4,35.9,-7.3,-42.4
2010-02-26,23.7,-0.8,35.5,-8.4,-45
2010-02-25,19.4,-2.6,12.1,-8.7,-34.8
2010-02-24,20.1,-2.7,12.1,-9,-35.9
2010-02-23,23.7,-1.3,12.1,-9.3,-36.1
2010-02-22,34.8,8.2,12,-9.5,-19.6
2010-02-19,37.6,10.3,11.9,-10.1,-16.9
2010-02-18,44.5,15.2,11.9,-10.3,-13.2
2010-02-17,46.8,17.2,11.8,-10.5,-9.7
2010-02-16,45.6,19.1,16.3,-10.7,-9.4
2010-02-12,42.1,15.1,5.5,-11.2,-13.7
2010-02-11,41.9,17.7,8.3,-11.4,-6.5
2010-02-10,40.9,17.1,10.3,-11.5,-5.7
2010-02-09,51.1,18.4,-8.5,10.7,-5.6
2010-02-08,49.7,18.4,-7.4,10.7,-5.4
2010-02-05,45.3,16.5,0,12.8,-5.3
2010-02-04,28.6,10.8,-1.8,13.1,1.5
2010-02-03,30.9,14.9,-0.4,13.4,9.8
2010-02-02,28.3,14.9,-0.4,13.6,9.8
2010-02-01,26.2,14.1,0.1,13.8,10
2010-01-29,14.8,9.4,1.5,14.2,10.3
2010-01-28,-4.3,-0.7,-2.8,14.3,7
2010-01-27,-0.3,-0.9,-2.5,14.4,-0.4
2010-01-26,1.2,-0.1,-0.4,14.5,-0.8
2010-01-25,-0.7,-3.7,0.9,14.6,-14.9
2010-01-22,-2,-3.2,5,14.8,-13.6
2010-01-21,-2.4,-2.7,5.8,14.9,-17.5
2010-01-20,2.7,-0.5,6.6,22.1,-17.4
2010-01-19,2.8,0.1,7.3,22.1,-16.2
2010-01-15,-11.8,-5.5,10,26.3,-8.2
2010-01-14,-12.4,-9.2,10.8,26.8,-19.4
2010-01-13,-4.1,-3.5,30.6,27.3,-19
2010-01-12,-4.3,-3.4,31.2,27.6,-18.7
2010-01-11,2.3,-1.1,31.7,28,-18.4
2010-01-08,5.2,-0.4,33.1,-6.1,-18.8
2010-01-07,16.6,5.4,33.6,-5,-17.7
2010-01-06,16.5,6.6,37.7,-4.1,-15.8
2010-01-05,18.7,7.6,37.7,-3.4,-15.8
2010-01-04,19.9,8.3,38,-2.7,-15.8
2009-12-31,18.4,7.1,39.2,-0.7,-15.5
2009-12-30,16.1,6.2,39.5,-0.3,-15.5
2009-12-29,10.4,6.2,41.3,0.1,-8.6
2009-12-28,6.3,2.2,42,0.5,-17.1
2009-12-24,6.3,2.2,42,1.7,-17.1
2009-12-23,4.5,1.5,42.6,1.9,-17.2
2009-12-22,8.3,4.2,43.2,2.2,-14.8
2009-12-21,17.6,8,43.8,2.4,-16.3
2009-12-18,17.2,7.4,45.3,3,-17.8
2009-12-17,17.1,7.3,45.7,3.2,-18.4
2009-12-16,16.5,7.5,46.2,3.4,-18.7
2009-12-15,20.5,15.3,46.6,3.6,4.4
2009-12-14,27.8,17.4,47.2,3.8,3.5
2009-12-11,30,17.1,30.5,4.3,5.8
2009-12-10,15.1,11.1,31.2,30,6.1
2009-12-09,6.3,7.2,31.7,30.2,6.2
2009-12-08,6.9,10.8,53.6,30.7,6.4
2009-12-07,5.4,13.5,50.9,31,18
2009-12-04,3.7,14,47.4,31.8,25.9
2009-12-03,-25.3,0.4,46.7,32,25.8
2009-12-02,-21.9,1.9,46.2,32.2,25.7
2009-12-01,-24.1,1,45.7,32.4,25.6
2009-11-30,-21.4,2.8,45.4,32.6,25.3
2009-11-27,-24.7,1.1,41.3,33.2,26.4
2009-11-25,-24.8,0.2,33.7,33.6,28.9
2009-11-24,-28.1,-0.9,32.5,33.7,30.2
2009-11-23,-27.4,-4.7,31.8,33.9,15.9
2009-11-20,-23.1,-1.6,30.6,34.4,21.9
2009-11-19,-22.2,-0.8,30.3,34.5,23
2009-11-18,-23.5,-1.2,30.1,34.7,23.9
2009-11-17,-25.5,-1.3,29.9,34.8,24.6
2009-11-16,-24.9,0.5,43.2,35,25.3
2009-11-13,-17,-1.4,13.1,35.4,19.4
2009-11-12,1.4,7.6,12.3,35.5,23.8
2009-11-10,2,7,1.9,28.3,26.1
2009-11-09,0.5,10.5,1.7,28.4,35.5
2009-11-06,0.7,10.6,5.4,21.7,33.7
2009-11-05,24.3,22.4,7.4,19.9,35.2
2009-11-04,23.5,22,8.7,18.6,36.3
2009-11-03,29.3,24,9.8,17.5,36.9
2009-11-02,32.2,26,10.7,16.7,39.4
2009-10-30,29.2,25.4,12.5,14.6,43.2
2009-10-29,25.5,23.7,1.5,14.1,46.8
2009-10-28,22.6,21.3,1.9,13.7,41.3
2009-10-27,26.6,21.6,1.6,13.2,36.9
2009-10-26,34.8,27,1.3,12.8,43.1
2009-10-23,37,29.3,1.2,11.9,47.2
2009-10-22,37.7,30.2,1.2,11.6,40.8
2009-10-21,40,31.1,1.2,0.4,37.7
2009-10-20,40.8,31.8,1.3,0.2,39.8
2009-10-19,41.9,32.8,1.3,-0.1,41.6
2009-10-16,43.7,35.2,1.5,-0.8,46.7
2009-10-15,44.4,36.1,1.5,-1,47.8
2009-10-14,35.3,32.6,1.6,-1.2,48.9
2009-10-13,31.2,31,1.9,-19.8,49.8
2009-10-09,33.2,33.3,-1.4,-18.2,50.8
2009-10-08,26.8,28.9,0.8,-18.1,50.1
2009-10-07,25.3,27.6,-0.8,-18.1,50
2009-10-06,26.9,28.1,-1.1,-18.2,48.8
2009-10-05,28.6,30.1,-1.3,-18.3,48.6
2009-10-02,30,32.1,-5.7,-18.6,55.5
2009-10-01,42,36.2,-16.2,-18.7,57
2009-09-30,48.5,38.9,-26.3,-18.8,61.3
2009-09-29,46.8,39.2,-22.6,-18.8,62.3
2009-09-28,51.2,41.7,-23.1,-18.9,63.7
2009-09-25,50.4,40.2,-37.2,-19.1,65.1
2009-09-24,52.6,42,-40.6,-19.2,68.7
2009-09-23,50.6,43.6,-43.3,-19.3,77.4
2009-09-22,50.8,42.9,-45.6,-19.4,76.6
2009-09-21,51.1,44,-47.5,-19.4,77.1
2009-09-18,52.7,45.4,-52.4,-19.7,80.3
2009-09-17,53.1,45.8,-53.8,-19.7,81.7
2009-09-16,49.5,44.7,-57,-19.8,82.9
2009-09-15,54.6,45,-41,-19.9,72.2
2009-09-14,43.7,40.8,-42.1,-20,76.7
2009-09-11,44.7,42.3,-44.8,-20.2,79.8
2009-09-10,42.7,41.8,-45.7,-21.7,80.7
2009-09-09,55.6,49.2,-36.8,-21.8,81.5
2009-09-08,55.6,50.2,-37.4,-18.6,82.3
2009-09-04,58.1,54.1,-31.5,-3.5,88.1
2009-09-03,71.4,58.4,-31.9,-1.7,88.1
2009-09-02,69.7,57.4,-32.3,-0.2,88.2
2009-09-01,71.1,57.9,-32.7,1.2,88.3
2009-08-31,66.6,55.3,-40.6,2.3,84.3
2009-08-28,66.6,55.3,-40.6,5.2,84.3
2009-08-27,66,52.6,-32.6,6,77.5
2009-08-26,59.1,50,-33,6.7,80.1
2009-08-25,53.6,43.4,-31.4,7.4,64.4
2009-08-24,46.3,41,-30.6,8,65.5
2009-08-21,49.8,42.7,-29.6,9.7,66.4
2009-08-20,50.8,43.2,-29.5,10.2,66.3
2009-08-19,51.4,43.5,-29.4,10.7,66.3
2009-08-18,52.1,44.2,-29.3,11.1,66.3
2009-08-17,52.7,36.8,-36.6,11.6,48.9
2009-08-14,40.9,32.7,-42.1,12.7,53.5
2009-08-13,44.4,32.5,-50.9,13.1,54.7
2009-08-12,57.1,33.9,-52,13.4,41.5
2009-08-11,54.6,33,-52.2,13.8,42.3
2009-08-10,55.7,33.8,-53.2,43,42.9
2009-08-07,55.5,32.7,-73.7,41.8,44.6
2009-08-06,31.3,24.7,-73.8,42,47.5
2009-08-05,28.5,19.5,-74,42.1,35.8
2009-08-04,33.3,21.1,-74.2,42.3,37
2009-08-03,34.7,23.3,-74.5,42.5,40.1
2009-07-31,30.9,24.9,-75.3,43,48.7
2009-07-30,23.4,23,-71.1,43.2,49.6
2009-07-29,24.9,22.2,-70.1,43.4,45.3
2009-07-28,29.2,23.1,-72.1,43.6,41.8
2009-07-27,34.1,26.2,-71.7,43.8,42.4
2009-07-24,32.6,27.6,-72,44.3,46.5
2009-07-23,32.5,27.7,-72.1,44.5,38.7
2009-07-22,32.7,26.2,-72.4,44.7,37.6
2009-07-21,33.4,26,-72.6,44.8,37
2009-07-20,34,27.3,-72.8,45,40.1
2009-07-17,35.4,30.7,-73.5,45.5,50
2009-07-16,34.6,31.2,-73.7,45.7,52.4
2009-07-15,38.1,34.5,-64.4,38.8,54.5
2009-07-14,31.9,36.5,-64.6,39,67.9
2009-07-13,36.7,43.5,-64.8,50.4,84.5
2009-07-10,37.9,46.1,-64.8,65.7,91.1
2009-07-09,29.5,42,-65,70.1,92.8
2009-07-08,25.8,40.2,-65.2,72.7,94.3
2009-07-07,25.9,38.6,-52.9,76.4,82.4
2009-07-06,31,37.5,-50.9,79.2,71.5
2009-07-02,37.2,41.9,-47,87.4,74.2
2009-07-01,43.7,45,-46.5,89,75
2009-06-30,44.7,50.5,-14.3,90.5,78.1
2009-06-29,51.2,57.8,-10.2,91.8,89.3
2009-06-26,51.9,53.6,-12.1,95.5,72.5
2009-06-25,51,53,-15.2,96.6,72.2
2009-06-24,50.9,53.4,-17.6,97.7,74
2009-06-23,48.4,52.1,-19.6,98.7,74.1
2009-06-22,49.5,51.9,-21.2,99.6,73.3
2009-06-19,54.5,50.9,-23.2,102.3,62.1
2009-06-18,55.5,51.8,-24.2,103.1,61.9
2009-06-17,50.2,50.5,-25.1,103.9,61.8
2009-06-16,51,49.8,-26,104.6,61.7
2009-06-15,51.6,48.1,-26.8,105.4,57.7
2009-06-12,61.9,54.3,-24.7,107.5,69.8
2009-06-11,62,54.8,-25,87.3,71.5
2009-06-10,55.8,50.6,-36.1,59,72.7
2009-06-09,57.5,53.1,-28,59.5,73.7
2009-06-08,60.4,56.8,-25.9,50.2,81.1
2009-06-05,64.8,56,-23,15.7,73.3
2009-06-04,58.8,53.4,-22.7,9.9,72.2
2009-06-03,59.8,54.5,-22.4,5.2,71.3
2009-06-02,60.5,52.4,-22.2,1.1,70.6
2009-06-01,60.1,52.1,-22,-2.3,69.9
2009-05-29,59.9,51.1,-21.7,-10.5,68.6
2009-05-28,69.9,51.1,-34,-12.7,64.4
2009-05-27,68.4,48.9,-33.9,-14.7,60.5
2009-05-26,67.2,47.8,-32.3,-16.5,58.6
2009-05-22,45.5,32.5,-29.7,-22.6,36.6
2009-05-21,44.4,31.4,-29.4,-23.9,34.4
2009-05-20,46.2,38.8,32,-25.2,32.5
2009-05-19,46.1,35.2,5.4,-26.3,29.4
2009-05-18,46.1,29.8,5.7,-27.4,9.4
2009-05-15,42.7,29.3,5.1,-30.4,11.6
2009-05-14,27.1,23.9,-0.3,-31.3,12.5
2009-05-13,29.3,25.1,-0.2,-32.1,12.8
2009-05-12,40.2,28.1,-8.2,-19.7,11.5
2009-05-11,38.4,25.8,-8.2,-27.7,10.7
2009-05-08,37,25.3,-6.6,-33.5,9
2009-05-07,29.4,18.5,-5.7,-34.7,3.1
2009-05-06,25.7,11.4,-5.1,-35.8,-11.6
2009-05-05,23.3,6.2,-4.6,-36.8,-13.4
2009-05-04,18.3,1.4,-3.2,-37.8,-20.9
2009-05-01,18.3,1.4,-3.2,-40.3,-20.9
2009-04-30,11.5,-1,8.9,-41,-22.3
2009-04-29,5.9,-5.3,-2.3,-41.8,-23.5
2009-04-28,31.4,3.8,-5.2,-42.4,-26.3
2009-04-27,21.3,-3.1,-6.8,-43.1,-34.3
2009-04-24,23.8,-1.7,-9.3,-44.9,-30.8
2009-04-23,22.5,-6.7,-9.8,-45.5,-49.4
2009-04-22,23,-8.2,-10.3,-46.1,-52.9
2009-04-21,23.4,-7.2,-10.6,-46.6,-51.7
2009-04-20,22.8,-12.7,-11,-44.8,-69
2009-04-17,24.8,-10.6,-12.4,-43.3,-63.9
2009-04-16,22.5,-10.9,-12.6,-43.1,-62.7
2009-04-15,14.6,-17.4,-12.9,-116.5,-73.6
2009-04-14,4.7,-21.3,-13.2,-116.6,-72.9
2009-04-13,17.7,-18.3,-33.1,-116.9,-71
2009-04-09,17.7,-18.3,-33.1,-124.2,-71
2009-04-08,-13.9,-32.7,-33.7,-124.2,-71.2
2009-04-07,-16.1,-33.6,-37.7,-124.2,-67.9
2009-04-06,-16.1,-36.3,-38.2,-124.2,-74.6
2009-04-03,-14.6,-38.4,-39.5,-124.6,-83.7
2009-04-02,-11.3,-38.6,-39.9,-124.8,-85.6
2009-04-01,-9.1,-33.5,1,-124.9,-87.1
2009-03-31,-11.2,-34,0.8,-125.1,-81.5
2009-03-30,-6.6,-30.5,15.6,-125.4,-82.7
2009-03-27,-7,-30.6,19,-126,-83.6
2009-03-26,-7.7,-31.5,18.9,-126.3,-85.9
2009-03-25,-12.5,-30.9,18.8,-126.5,-84.5
2009-03-24,-22.6,-35.6,16.3,-126.7,-85
2009-03-23,-22.9,-38,14.1,-127,-82.4
2009-03-20,-23.3,-39.5,10.5,-127.7,-85.3
2009-03-19,-23.5,-41,9.7,-128,-86.2
2009-03-18,-26.3,-43.4,9,-128.2,-87
2009-03-17,-30.7,-45.1,-9.4,-128.5,-89.3
2009-03-16,-33.3,-49.4,-10,-128.7,-100.6
2009-03-13,-20.7,-49.3,-9.3,-134.1,-119.4
2009-03-12,-28.9,-51.9,-9.4,-136.8,-121.1
2009-03-11,-42.2,-53.5,-16.5,-75.2,-103.8
2009-03-10,-41.6,-47.2,-25.4,-1.3,-85.2
2009-03-09,-44.2,-48.2,-25.5,-1.9,-86.3
2009-03-06,-47.9,-49.5,-25.9,-20.5,-84.8
2009-03-05,-33.7,-44,-27.1,-23.7,-84.5
2009-03-04,-35.5,-45,-28.1,-26.3,-83.4
2009-03-03,-39.8,-47.8,-28.9,-28.5,-86.5
2009-03-02,-41.4,-49.5,-29.6,-30.5,-88.4
2009-02-27,-54,-56.5,-31.3,-35.2,-92.4
2009-02-26,-44.3,-47.2,-42.2,-36.5,-69.6
2009-02-25,-36.6,-34.4,-42.7,-37.7,-37.1
2009-02-24,-37.7,-36.1,-43.2,-38.8,-37.9
2009-02-23,-26.3,-32.6,-43.6,-39.9,-41
2009-02-20,-29.3,-36.9,-44.8,-42.6,-54.6
2009-02-19,-34.1,-38.5,-45.2,-43.5,-49.6
2009-02-18,-26.8,-36.9,-45.6,-44.2,-53.3
2009-02-17,-24.2,-36.7,-43.9,-45,-56.3
2009-02-13,-26,-50.5,-45.2,-47.7,-95.6
2009-02-12,-23.3,-47.3,-46.4,-48.3,-88.6
2009-02-11,-44.5,-57,-47.3,-48.8,-90.2
2009-02-10,-33.8,-53.8,-47.9,-38.3,-91.6
2009-02-09,-36,-55.8,-48.5,-45.8,-94.3
2009-02-06,-40,-59.2,-59.1,-55.7,-95.9
2009-02-05,-26.5,-48,-59.5,-57.7,-87.3
2009-02-04,-22.5,-41.9,-59.8,-59.6,-72.9
2009-02-03,-34.6,-47.9,-60.2,-61.2,-74.8
2009-02-02,-37.1,-49.5,-60.6,-62.7,-77.8
2009-01-30,-39.2,-59.4,-86.5,-66.6,-95.6
2009-01-29,-69.2,-68.5,-61,-67.7,-97.7
2009-01-28,-65.9,-66.1,-61.4,-68.7,-93.1
2009-01-27,-68.9,-66.8,-60.6,-69.7,-94.8
2009-01-26,-68.5,-76,-60.3,-70.7,-126.8
2009-01-23,-76.3,-81.7,-55.4,-73.3,-136.9
2009-01-22,-78.5,-86.8,-54.7,-74,-149
2009-01-21,-79.1,-85.7,-54.2,-89.7,-147.7
2009-01-20,-80.7,-88,-53.8,-90.5,-152
2009-01-16,-85.7,-102.1,-52,-99,-186.5
2009-01-15,-70,-96.3,-51.9,-103,-188.6
2009-01-14,-77.7,-92.1,-32.2,-106,-171.5
2009-01-13,-49.7,-81.3,-32.9,-108.5,-173.3
2009-01-12,-91.1,-97.6,-33.9,-118.9,-174.9
2009-01-09,-100.5,-104.9,-36.1,-123.3,-185.3
2009-01-08,-99.6,-101.5,-36.5,-124.3,-181.1
2009-01-07,-101.4,-96.9,-36.8,-125.3,-165.4
2009-01-06,-103.1,-97.8,-37.1,-126.3,-167.5
2009-01-05,-113.3,-102.9,-41.6,-127.3,-169.5
2009-01-02,-117.3,-103.3,-47.9,-130.1,-163.7
2008-12-31,-112.6,-101.8,-51.3,-131.8,-162.8
2008-12-30,-112.6,-101.8,-51.3,-132.6,-162.8
2008-12-29,-104.5,-95.6,-52.2,-133.4,-152.5
2008-12-26,-118.4,-97.1,-43.3,-135.7,-140.9
2008-12-24,-118.4,-97.1,-43.3,-137.1,-140.9
2008-12-23,-118.4,-97.1,-43.3,-137.8,-140.9
2008-12-22,-122.1,-99.4,-44.8,-138.5,-144.7
2008-12-19,-127.8,-106.5,-48.5,-140.4,-158.6
2008-12-18,-129.2,-104.9,-49.5,-141,-145.9
2008-12-17,-134.8,-103.4,-50.5,-141.6,-128.8
2008-12-16,-136.1,-103.8,-51.4,-142.2,-130.6
2008-12-15,-129.3,-103,-57.4,-140.6,-132.3
2008-12-12,-130,-101.3,-52.7,-115.6,-130.4
2008-12-11,-140.6,-105,-53.1,-121.6,-130.1
2008-12-10,-128.1,-99.6,-53.5,-122.1,-130
2008-12-09,-129.7,-99.3,-51.9,-69.9,-130.1
2008-12-08,-133.6,-105.3,-36,-72.1,-153.9
2008-12-05,-140.6,-107.2,-34,-74.5,-153.6
2008-12-04,-120.3,-89.6,-34,-75.2,-127.4
2008-12-03,-121.9,-91.5,-34,-75.9,-132.4
2008-12-02,-114.3,-88.2,-34,-76.5,-134.1
2008-12-01,-115.9,-89.5,-34.1,-77.1,-137.5
2008-11-28,-117.6,-89.7,-34.4,-78.8,-143.4
2008-11-26,-119.9,-91.8,-33.1,-79.7,-146.6
2008-11-25,-108.4,-82.9,-29.5,-80.2,-134.7
2008-11-24,-116.9,-82.3,-27.4,-80.6,-119.1
2008-11-21,-114,-71.5,-24.1,-81.9,-88.7
2008-11-20,-113.6,-71.2,-23.4,-82.3,-91.8
2008-11-19,-111,-71.7,-22.9,-82.7,-93.9
2008-11-18,-102.6,-68.8,-22.4,-83.1,-95.7
2008-11-17,-110.3,-70.3,-21.9,-83.4,-97.2
2008-11-14,-120,-73.1,-14.6,-84.5,-97.8
2008-11-13,-102.7,-66.4,-14.3,-80.5,-98
2008-11-12,-104.8,-65.4,-14.1,-38.1,-92.4
2008-11-10,-101.1,-69.9,-13.7,-41.1,-111.6
2008-11-07,-96.2,-67.9,-14,-32.7,-111.9
2008-11-06,-87.2,-61.1,-13.8,-29.3,-99.9
2008-11-05,-86.2,-53.3,-13.7,-26.8,-72.6
2008-11-04,-79.9,-50,-13.6,-24.9,-72.8
2008-11-03,-79.4,-49.9,-10.8,-23.4,-73.6
2008-10-31,-71.4,-48.9,-6.9,-19.9,-80.2
2008-10-30,-59.2,-45.1,-13.4,-19.1,-81.5
2008-10-29,-62.5,-40.2,-12.7,-18.3,-61.3
2008-10-28,-64.2,-42.8,-27.2,-17.6,-62.2
2008-10-27,-43.7,-34.8,-26.7,-17,-63
2008-10-24,-43.5,-33.8,-28,-15.3,-58.1
2008-10-23,-43.2,-28.4,-28.2,-14.9,-45.4
2008-10-22,-42.9,-29.5,-28.3,-14.5,-47.4
2008-10-21,-41.4,-29.5,-27.3,-14.1,-50
2008-10-20,-40.5,-32.5,-27.4,-13.7,-60.1
2008-10-17,-38.8,-36.4,-27.4,24.7,-74.3
2008-10-16,-29.6,-33,-22.2,25,-77.4
2008-10-15,-18.5,-28.2,-22.2,25.4,-80
2008-10-14,-10.5,-25,-16.7,25.8,-82.4
2008-10-10,-6.9,-20.7,-17.8,43.9,-70
2008-10-09,-5.9,-24.2,-17.9,46.7,-72.7
2008-10-08,-5.4,-20.6,9.8,49.1,-74.9
2008-10-07,-3.1,-27.5,9.5,51.1,-100.8
2008-10-06,-1.7,-32,9.6,50.8,-118.1
2008-10-03,1.2,-32.3,16.5,52.4,-125.8
2008-10-02,7.9,-29.6,17.7,53.2,-128.9
2008-10-01,8.5,-30.5,18.6,53.9,-131.4
2008-09-30,27,-21.9,24.8,54.6,-135
2008-09-29,14.7,-26.2,52.1,55.3,-137.7
2008-09-26,16.1,-27,56.3,57.3,-144.1
2008-09-25,26.4,-23.6,57.4,58,-145.9
2008-09-24,33.6,-19.8,58.3,58.6,-143.1
2008-09-23,34,-9.4,59.7,59.2,-108.4
2008-09-22,34.5,-9.7,60.7,59.7,-110.1
2008-09-19,33.6,-11.9,63.2,61.4,-116
2008-09-18,33.4,-12.8,63.8,61.9,-118.5
2008-09-17,25.5,-19.8,57.2,62.4,-120.5
2008-09-16,26.6,-19.5,57.8,62.8,-122.3
2008-09-15,35.6,-23.8,58.4,63.3,-148.2
2008-09-12,46,-20.5,62.8,64.6,-157.6
2008-09-11,46.8,-21,58.8,86.4,-160.2
2008-09-10,63.2,-15,60.6,86.8,-162.5
2008-09-09,63.2,-15.6,57.2,81,-164.6
2008-09-08,64.7,-15.7,58.2,81.3,-166.4
2008-09-05,66.2,-16.2,61.5,88.7,-171.3
2008-09-04,73.6,-10.5,62.4,90.8,-164.2
2008-09-03,71.6,-6.8,63.3,92.4,-151.2
2008-09-02,71.2,-8,64,93.8,-151.8
2008-08-29,72.5,-12.5,45,98.2,-162
2008-08-28,62.5,-17.6,42.9,99,-164.7
2008-08-27,51.9,-23.4,43.4,99.9,-170.8
2008-08-26,50.5,-24.3,43.5,100.7,-172.3
2008-08-25,45.5,-17.1,43.8,101.4,-141.1
2008-08-22,45.8,-18.7,44.6,103.4,-146
2008-08-21,45.9,-18.5,44.9,104.1,-147.4
2008-08-20,46,-20.1,45.2,104.7,-148.7
2008-08-19,46.1,-21.7,45.5,105.3,-151
2008-08-18,46.1,-26.5,45.8,105.8,-166.1
2008-08-15,46.5,-26.1,46.1,107.5,-166.1
2008-08-14,44.2,-27.5,46.2,92.7,-166.9
2008-08-13,40,-30.6,51.5,110.9,-173.5
2008-08-12,41.9,-29.9,48,94.6,-174.3
2008-08-11,22,-39,47.5,94,-172.7
2008-08-08,22.2,-37.2,48.3,57.7,-171.9
2008-08-07,22.5,-35,48.5,58.1,-172
2008-08-06,22.6,-35.7,31.2,58.3,-168.2
2008-08-05,24.4,-30.1,31.4,58.6,-152.1
2008-08-04,23.8,-30.2,31.5,58.7,-152.3
2008-08-01,26.8,-29.6,32,59.2,-154.6
2008-07-31,23.4,-30.7,32.2,59.4,-155.2
2008-07-30,29.4,-27,31.6,59.5,-155.7
2008-07-29,31.6,-22.8,36.8,59.7,-147.5
2008-07-28,30.6,-22.9,41.4,59.9,-148
2008-07-25,35.1,-24.1,27.9,60.3,-149.8
2008-07-24,28.2,-24,25.8,60.5,-138.8
2008-07-23,29.1,-6,24.1,60.6,-85.9
2008-07-22,29.8,-7.2,22.7,60.8,-88.2
2008-07-21,29.9,-8.9,21.4,60.9,-94.3
2008-07-18,30.9,-12.5,18.7,61.4,-105.6
2008-07-17,31.3,-13.4,16,61.5,-107.9
2008-07-16,30,-15,14.2,0.5,-109.9
2008-07-15,22.5,-19,17,0.5,-111.7
2008-07-14,24.9,-14.6,15.8,0.5,-94.9
2008-07-11,27.3,-16.5,13.1,30.9,-104.1
2008-07-10,16.3,-21.2,14,35.8,-106.6
2008-07-09,16.8,-22.2,11.7,54.3,-108.7
2008-07-08,16.3,-25.9,-11.2,57.1,-110.5
2008-07-07,13.3,-27.7,-12,59.7,-112.2
2008-07-03,9,-23.2,-14.4,68,-89.9
2008-07-02,16.2,-19.1,-14.9,69.6,-90.7
2008-07-01,15,-20.4,-15.4,71.2,-92.5
2008-06-30,9.3,-23.7,-26.5,72.7,-93.9
2008-06-27,7.5,-25.4,-26.9,76.5,-98.1
2008-06-26,8,-22.9,-30.4,77.7,-91.7
2008-06-25,8,-21.9,-30.6,78.8,-88.7
2008-06-24,8,-22.1,-31.5,79.8,-89.8
2008-06-23,16.4,-22.1,-32.2,80.8,-101.2
2008-06-20,12.3,-16.8,-33.7,83.6,-78.2
2008-06-19,11.3,-17.7,-34.2,84.4,-77.6
2008-06-18,14.5,-22.3,-34.6,85.3,-77.2
2008-06-17,13.9,-22.3,-35,86.1,-76.4
2008-06-16,16.7,-16.9,-47.7,86.8,-55.6
2008-06-13,6.7,-20.5,-48.8,89,-54.9
2008-06-12,8.1,-20.7,-50.8,91.5,-54.8
2008-06-11,-2.1,-24.2,-51.2,92.2,-54.7
2008-06-10,-3.8,-23.6,-49.9,93.8,-54.7
2008-06-09,-2.6,-23.8,-56.2,68.4,-54.6
2008-06-06,-5.3,-21.9,-45.3,64.5,-50.7
2008-06-05,-0.9,-17.2,-41.1,61.5,-43.1
2008-06-04,-1.5,-14.4,-38,59.5,-31.3
2008-06-03,-4.5,-14.4,-35.7,58.1,-29.2
2008-06-02,-5.5,-14.9,-33.8,57,-28.6
2008-05-30,-9.7,-15,-29.7,55,-27.1
2008-05-29,-11,-14,-26.5,54.5,-26.7
2008-05-28,-11.4,-11,-25.6,54.2,-21
2008-05-27,-13.9,-11.5,-23,53.8,-21
2008-05-23,-17,-10.7,-24.8,53,-14.4
2008-05-22,-18.4,-8.7,-24.7,52.9,-5.9
2008-05-21,-19.5,-8.8,-24.6,52.8,-4.8
2008-05-20,-20.5,-16.7,-24.4,52.7,-26.5
2008-05-19,-22.7,-14.6,-22.2,52.7,-17.3
2008-05-16,-25.1,-15.3,-21.7,52.6,-16.6
2008-05-15,-25.3,-16,-26.8,52.5,-16.4
2008-05-14,-26.4,-19.3,-19,59.1,-31.5
2008-05-13,-25,-19.6,-22,88.7,-31.4
2008-05-12,-31.1,-24.1,-18,72,-31.2
2008-05-09,-32.3,-23.5,-13,70.3,-27.9
2008-05-08,-43.6,-28.1,-11.9,71.1,-27.1
2008-05-07,-44.1,-28,-11,71.7,-26.4
2008-05-06,-44.6,-26.1,-10.2,72.3,-21.5
2008-05-05,-58.2,-29.6,-7.7,72.8,-19.5
2008-05-02,-58.2,-29.6,-7.7,74.2,-19.5
2008-05-01,-69.8,-34.1,-7.2,74.6,-19.1
2008-04-30,-73.2,-35.3,-6.7,75,-18.8
2008-04-29,-77.2,-28.8,39.4,75.4,-19.7
2008-04-28,-80.4,-30,39.9,75.7,-20.7
2008-04-25,-85.5,-31.3,38.6,76.7,-17.7
2008-04-24,-86.1,-30.4,38.6,77,-14.2
2008-04-23,-83.6,-19,38.7,77.3,19.2
2008-04-22,-84.6,-16.8,38.8,77.6,26.9
2008-04-21,-85.5,-16.4,38.9,80.3,29.1
2008-04-18,-88,-14,51.8,84.4,33.7
2008-04-17,-88.7,-13.8,52,85.3,34.6
2008-04-16,-83.8,-11.2,52.2,86.1,35.3
2008-04-15,-86.3,-12.3,53.2,-12.1,36
2008-04-14,-96,-8.8,53.9,-11.7,58.4
2008-04-11,-98.2,-9,57.1,-10.7,59.1
2008-04-10,-93.2,-6.7,57.7,-6.4,59.4
2008-04-09,-75.2,0.6,59.3,-6.2,59.7
2008-04-08,-78,-0.8,59.9,-6.6,59.9
2008-04-07,-79.9,-1.8,60.4,-6.7,60.2
2008-04-04,-83.8,-3.2,61.7,-6.8,58.7
2008-04-03,-79.6,1.2,62.1,-6.8,66.8
2008-04-02,-82.8,0.6,62.4,-6.7,67.8
2008-04-01,-85,-0.3,62.8,-6.7,68.6
2008-03-31,-89.9,-0.5,73.7,-6.6,69.6
2008-03-28,-98.5,-3.2,63.6,-6.5,77.3
2008-03-27,-99.4,-2.7,68.3,-6.4,77.9
2008-03-26,-100.6,-3,68.6,-6.4,78.5
2008-03-25,-98.8,-11.9,69.1,-6.3,51.7
2008-03-24,-88.9,-8.9,71.3,-6.3,49.9
2008-03-20,-88.9,-8.9,71.3,-6.1,49.9
2008-03-19,-90.4,-11.2,71.6,-6.1,50.2
2008-03-18,-90.9,-11,72,-6,50.5
2008-03-17,-94,-12.4,72.3,-6,50.8
2008-03-14,-87.5,-10.6,73,-5.9,48
2008-03-13,-80.1,-7.6,73.2,-12.4,47.7
2008-03-12,-72.7,-4.8,73.4,-12.3,47.5
2008-03-11,-72.1,-6.9,53.5,-11.7,47.4
2008-03-10,-73.4,-12.2,53,-10.5,30.9
2008-03-07,-69.5,-17.2,13.6,34.5,29.4
2008-03-06,-62.1,-18,16.1,35.4,19.1
2008-03-05,-61.5,-16,17.6,36.1,24.3
2008-03-04,-64.9,-18.4,17.1,36.7,24.2
2008-03-03,-64.3,-17.4,17.1,37.2,26.5
2008-02-29,-64.6,-15.4,17.3,38.5,29.5
2008-02-28,-59.3,-13,5.9,38.9,32.3
2008-02-27,-55.6,-8.8,26.5,39.3,32.8
2008-02-26,-52.5,-8.3,25.3,39.6,30.3
2008-02-25,-41.6,-9,25,39.9,13.4
2008-02-22,-42.6,-6.5,24.4,40.8,23.9
2008-02-21,-42.9,-2.9,24.3,41.1,33.6
2008-02-20,-35.2,0.1,24.3,41.3,35.5
2008-02-19,-39.7,-1.8,24.2,41.6,36.3
2008-02-15,-39.4,-0.4,24.1,42.5,39.9
2008-02-14,-24.3,7.1,24.1,22.3,40.6
2008-02-13,-34.6,-0.6,-1.4,22.5,41.3
2008-02-12,-38.7,-1.9,0.6,25,42
2008-02-11,-39.4,-5.1,-0.4,28.3,31.3
2008-02-08,-40.8,-7,0.3,33.1,26.8
2008-02-07,-41.1,-8.5,0.3,34.1,27
2008-02-06,-41.4,-8.9,0.5,35,24.7
2008-02-05,-41.3,-9.7,0.7,35.8,24.1
2008-02-04,-18.1,-0.6,-1.5,36.5,23.7
2008-02-01,-17.6,-1.9,-4.3,38.3,21.7
2008-01-31,-20.4,0.7,-14.7,38.9,34.7
2008-01-30,-19.5,1.8,-15.2,39.4,39.3
2008-01-29,-5.9,9.1,-5.3,39.8,38.9
2008-01-28,-10.5,6.4,-7.3,40.3,37.5
2008-01-25,-5.1,11.4,-9.4,41.5,46.7
2008-01-24,-4.5,11.6,-9.9,41.9,46.4
2008-01-23,-4,7,-10.4,25.9,30.3
2008-01-22,-3.7,4.3,-11.3,25.9,23.4
2008-01-18,-3.8,2.9,-13.4,32.4,25.4
2008-01-17,-7.8,1.7,-17,33.2,25.7
2008-01-16,6.7,7.8,-17.4,34,26
2008-01-15,-4,2.5,-22.6,34.7,26.2
2008-01-14,2.1,5.8,-22.9,35.3,29.6
2008-01-11,-4.4,4.3,-22.9,36.9,32.2
2008-01-10,9.7,11.8,-22.9,41.6,32.8
2008-01-09,8.6,11.1,-23,42.1,33.4
2008-01-08,7.9,14.1,-23.1,42.5,44.1
2008-01-07,8.1,5,-24,42.9,14.1
2008-01-04,7.8,6.2,-25.4,44,18.6
2008-01-03,16.1,8.7,-25.7,44.4,18.9
2008-01-02,16,8.2,-26,44.7,17.6
2007-12-31,24.6,12.4,-26.6,45.4,18.1
2007-12-28,27.3,12.6,-27,46.2,18.7
2007-12-27,21.5,11.1,-31.3,46.5,18.9
2007-12-26,19.6,10.3,-31.4,46.8,19.1
2007-12-24,19.5,10.1,-31.2,47.3,18.6
2007-12-21,17.1,9.1,-31.3,48.1,18.5
2007-12-20,15.8,7.6,-31.4,48.3,16.5
2007-12-19,22,10.1,-31.5,48.5,16.4
2007-12-18,21.7,13.3,-31.6,48.8,27.8
2007-12-17,21.8,13.7,-31.7,49,27.8
2007-12-14,6.4,6.7,-31.3,49.6,27.2
2007-12-13,0.8,7.8,-4.1,45.5,27
2007-12-12,-22.7,-3.5,-5.8,41.1,27
2007-12-11,-23.5,-4.3,-10.5,41.9,26.9
2007-12-10,-25.4,-3.9,-10.6,35.7,32.3
2007-12-07,-29.4,-7.3,-21,36.7,32.3
2007-12-06,-33.4,-9.3,-9.6,36.9,30.8
2007-12-05,-34.3,-15.5,-8.6,37.2,12.4
2007-12-04,-34.9,-15.4,-7.8,37.4,11.5
2007-12-03,-36.3,-17.3,-7.2,37.6,6.7
2007-11-30,-39.9,-20.1,-5.7,38.1,0.2
2007-11-29,-43.6,-21.1,-3.4,38.3,1.4
2007-11-28,-43.5,-20.3,-4.8,38.4,0.3
2007-11-27,-43.7,-23.9,-4.4,38.6,-12.4
2007-11-26,-38.2,-30.6,-4,38.7,-43.8
2007-11-23,-39.7,-30.4,-3.2,39.2,-42
2007-11-21,-40.7,-27.7,-2.7,39.5,-35.5
2007-11-20,-40.8,-27.4,-2.5,39.6,-35.4
2007-11-19,-41.8,-27,-2.3,39.7,-35.3
2007-11-16,-42,-27.8,-1.8,40.1,-38
2007-11-15,-26.1,-21.3,-1.6,25,-38.8
2007-11-14,-30.6,-22.3,2.4,13.5,-39.4
2007-11-13,-31.1,-22.9,2.5,13.5,-39.9
2007-11-09,-25.2,-15.3,-5.1,12.7,-16.5
2007-11-08,-29.3,-15.8,-5.5,12.4,-16.9
2007-11-07,-28.3,-13.4,9,16.8,-17.2
2007-11-06,-27.6,-15.1,9.1,19.3,-23.3
2007-11-05,-27,-11,9.2,21,-10.5
2007-11-02,-29.6,-9.9,2.3,24.4,-7.9
2007-11-01,-38.6,-15,1.2,25.1,-5.7
2007-10-31,-36.6,-13.3,0.4,25.8,-4.2
2007-10-30,-50.3,-19,-0.4,26.5,-0.5
2007-10-29,-45.4,-16.3,3.9,27,0.4
2007-10-26,-46.2,-16.4,3.7,28.5,2.3
2007-10-25,-45.5,-15,7.2,30.7,4.4
2007-10-24,-42.2,-14.4,7.2,14.9,1.9
2007-10-23,-41.8,-14.8,7.2,15.2,-1.2
2007-10-22,-42,-15.7,7.1,15.5,-3.6
2007-10-19,-42.2,-15.5,6.9,16.3,-4.6
2007-10-18,-42.3,-16.2,6.8,16.6,-4.6
2007-10-17,-42.3,-17.1,6.8,16.8,-4.6
2007-10-16,-40.4,-16.7,4.8,17,-4.5
2007-10-15,-12.4,-6.7,4.7,28.6,-13
2007-10-12,-12.8,-8.3,2.4,44.2,-17.3
2007-10-11,-12.1,-8.3,2.2,47.4,-18.4
2007-10-10,-17.2,-9.9,7.3,50.1,-19.3
2007-10-09,-17.6,-10.2,7.2,52.4,-20
2007-10-05,-17.4,-11.4,9.9,59.8,-24.7
2007-10-04,-18.5,-12.7,11,61.3,-25.1
2007-10-03,-18.4,-12.6,11.7,62.7,-25.4
2007-10-02,-18.6,-11.7,12.3,63.9,-23.3
2007-10-01,-17.5,-10.6,12.8,65.2,-22.1
2007-09-28,-14,-8,12.1,68.4,-20.4
2007-09-27,-14.4,-6.8,10.7,69.4,-17.5
2007-09-26,-12.6,-5.7,10.9,70.3,-15.7
2007-09-25,-10.8,-7.1,11.5,71.2,-22.5
2007-09-24,-2.6,-1.2,8.7,72,-14.1
2007-09-21,-2.7,-0.8,5.3,74.4,-11.4
2007-09-20,-2.6,0.3,4.7,75.1,-10.5
2007-09-19,-7.3,-2.7,4.2,75.8,-10.1
2007-09-18,-6.8,-2.6,3.7,76.5,-12.8
2007-09-17,12.8,6,3.4,77.2,-13.1
2007-09-14,15.5,4.6,2.5,79,-21.1
2007-09-13,28.3,8.9,2.3,75.3,-22.9
2007-09-12,28.7,8.6,2.1,81.7,-24.4
2007-09-11,29.1,8.6,4.4,80.3,-25.7
2007-09-10,30.3,6.8,-24.6,86,-26.7
2007-09-07,34.8,7.6,-19,96.6,-29.3
2007-09-06,47.6,14.3,-18.9,99.1,-24.2
2007-09-05,45.5,21.5,-18.9,101.2,2.6
2007-09-04,49.5,21.3,-19.8,103.1,-1.1
2007-08-31,59.1,22,-21.4,109,-8.2
2007-08-30,59.3,20.6,-22.2,110.3,-11.3
2007-08-29,62.8,21.8,-22.4,111.4,-12.3
2007-08-28,64.6,22.4,-22.6,112.5,-13.2
2007-08-27,65,17.5,-22.8,113.6,-29.6
2007-08-24,70.8,18.6,-25,116.5,-32.2
2007-08-23,66.4,16.3,-25.6,117.4,-33.5
2007-08-22,66.4,16.3,-25.6,118.2,-33.5
2007-08-21,67.6,16.6,-25.8,119.1,-34.5
2007-08-20,69.4,19.4,-26.1,119.9,-27.5
2007-08-17,73.2,19.3,-26.7,122.1,-32.8
2007-08-16,76.9,20.5,-26.9,122.8,-34
2007-08-15,83.2,21.6,-27.1,127.9,-35.1
2007-08-14,64.1,13.4,-28.6,132.2,-36.1
2007-08-13,52.8,10.1,-32.2,133.5,-35.7
2007-08-10,56.4,11.5,-29,108.3,-37.4
2007-08-09,57.2,12,-31.5,109.3,-37.9
2007-08-08,58,11.2,-32.2,112.4,-38.4
2007-08-07,57.3,13.4,-10.2,114.5,-39
2007-08-06,54.5,14.1,-10.8,116.2,-33
2007-08-03,51.5,3.6,-12.1,120.1,-63.3
2007-08-02,63.6,9.3,-12.5,121.2,-62.2
2007-08-01,63.3,9.2,-12.9,122.2,-61.6
2007-07-31,66.5,10.6,-13.2,123.2,-61.1
2007-07-30,60,7.3,-16.3,124.1,-61.6
2007-07-27,63.4,8.7,-20.5,126.5,-59.1
2007-07-26,60.8,7.7,-20.8,127.3,-57.8
2007-07-25,64.3,8.8,-21.1,128,-60
2007-07-24,63.6,11.6,-25.3,128.7,-47.6
2007-07-23,63.4,9.3,-27.8,129.4,-46.7
2007-07-20,62.9,11.2,-32.4,131.3,-38.4
2007-07-19,62.9,10.8,-33.5,131.9,-36.8
2007-07-18,65.5,12.4,-34.5,58.6,-35.5
2007-07-17,65.2,13.1,-35.4,77.2,-34
2007-07-16,47.7,11.5,-32.8,88.2,-14.7
2007-07-13,42.8,12.3,-30.6,107.4,-8.7
2007-07-12,48.9,15.7,-29.5,111.8,-7.1
2007-07-11,48.3,16.1,-30.4,115.7,-5.8
2007-07-10,48.6,16.3,-33.4,119.1,-4.6
2007-07-09,48.6,16.1,-33.1,121.8,-3.6
2007-07-06,48.6,15.3,-47,108.9,-1.1
2007-07-05,47.8,9.6,-47.7,107.8,-16.4
2007-07-03,43.3,6.8,-48.8,106.8,-15.2
2007-07-02,44.1,8.2,-49.2,106.7,-13.1
2007-06-29,40.5,9.2,-52.4,107,-3.1
2007-06-28,36.9,9.1,-56.7,107.2,1.2
2007-06-27,38.8,11.4,-36.5,107.5,-1.7
2007-06-26,42.9,12,-36.3,107.8,-6
2007-06-25,47.3,14.4,-36.4,108.1,-4.3
2007-06-22,48.8,17.8,-37.1,109.2,5.6
2007-06-21,48.8,24.7,-37.3,109.6,28.6
2007-06-20,42.7,26.9,-37.6,110,38.1
2007-06-19,42.8,27.4,-37.9,110.3,40.4
2007-06-18,42.9,33.5,-38.1,110.7,59.7
2007-06-15,43.8,36,-38.9,111.9,64.8
2007-06-14,43.7,36.4,-40.3,101.4,66.2
2007-06-13,44,36.8,-40.6,74.4,67.5
2007-06-12,33.7,33.8,-43.5,72.6,68.7
2007-06-11,34.9,35.4,-43.5,64.2,69.9
2007-06-08,35.1,37.1,-45.1,84.2,74.3
2007-06-07,13.8,35.6,-40,89.6,96.4
2007-06-06,13.8,35.5,-40.3,93.7,97.6
2007-06-05,14.5,36.3,-39.8,97.2,99.9
2007-06-04,6.6,33.7,-39.5,100.1,102.7
2007-06-01,6.6,34.8,-39.4,107,105.1
2007-05-31,3.1,33.6,-39.4,108.8,106
2007-05-30,-2.1,30.9,-39.5,110.5,101.9
2007-05-29,-2.5,33.9,-29.5,112.1,108.5
2007-05-25,-8.6,32.8,-34.1,117.6,115.9
2007-05-24,-8.8,34,-34,118.8,115.9
2007-05-23,-13.6,38.2,-33.9,119.9,136.5
2007-05-22,-13.8,38.4,-33.9,121,137.2
2007-05-21,-13.9,38.5,-33.8,122,137.4
2007-05-18,-13.3,40.7,-33.8,124.9,141.7
2007-05-17,-13.8,42,-25.1,125.7,142.8
2007-05-16,-14.1,42.7,-20.2,122.3,143.8
2007-05-15,-19.8,40.3,-25.4,117.1,144.8
2007-05-14,-21.7,39.9,-8.7,117.9,143.3
2007-05-11,-28.3,36.9,-11,110,145.8
2007-05-10,-19.9,41.4,-10.4,113,146.5
2007-05-09,-4.2,47.5,-9.9,115.3,147.3
2007-05-08,-5.1,47.5,-9.5,117.2,148
2007-05-07,-5.9,47.7,-9.2,118.9,149.4
2007-05-04,-7.1,41.1,-8.4,123,129.6
2007-05-03,-5.9,41.8,-8.1,124.2,129.5
2007-05-02,-12.5,39.1,-7.9,125.3,129.6
2007-05-01,-13.8,38.6,-7.7,126.3,129.7
2007-04-30,-26.8,33.3,-7.6,127.3,129.9
2007-04-27,-26.9,28.5,-6.1,130,114.6
2007-04-26,-18.8,31.7,20,130.8,102.3
2007-04-25,-19.2,27.4,20.4,131.7,90
2007-04-24,-18.7,24.4,20.8,133.3,81
2007-04-23,-17,25.1,21.1,128.9,79
2007-04-20,-17.5,24.8,21.9,124.4,77.9
2007-04-19,-17.7,24.1,22.1,5.6,75.7
2007-04-18,-16.9,22.9,12.9,4.9,75.7
2007-04-17,-16.5,22.4,13.1,4.3,75.6
2007-04-16,-10.9,19.7,13.1,3.8,62.8
2007-04-13,-1.6,22.8,-2.6,2.7,65.7
2007-04-12,-6.9,20.9,-2.7,2.5,66.5
2007-04-11,-6.9,21.6,-2.7,2.2,67.1
2007-04-10,-5.4,24.4,12.3,69.5,67.6
2007-04-09,-4.5,24.5,12.3,67.2,68.1
2007-04-05,-9,23.6,12.4,63.6,71.5
2007-04-04,-8.4,19.9,12.5,63.1,61.9
2007-04-03,-1.2,17.4,12.5,62.8,41.7
2007-04-02,-0.1,18.1,12.6,62.4,42.3
2007-03-30,4.8,22.8,26.1,61.7,43.6
2007-03-29,-8.8,16.2,18.5,61.5,43.9
2007-03-28,-14.1,13.8,18.6,61.4,43.7
2007-03-27,-11.7,15.6,18.6,61.3,42.6
2007-03-26,-6.8,12.9,18,61.2,27.3
2007-03-23,3.5,14.7,17.5,60.9,18.3
2007-03-22,4.5,15,17.5,60.8,17.7
2007-03-21,5.3,14,17.5,60.8,18.1
2007-03-20,6.4,14.6,17.4,60.7,18.3
2007-03-19,4.3,12.5,17.4,60.7,18.5
2007-03-16,4.8,14.6,17.4,60.7,25.7
2007-03-15,-2,11.9,14.2,73.7,27.6
2007-03-14,-4.2,12,14.2,73.7,29.1
2007-03-13,-3.9,13.1,20.9,73.7,30.4
2007-03-12,4.3,14.8,22.9,-12.4,26.4
2007-03-09,14.4,22.4,32.5,-10.7,31.9
2007-03-08,11.8,21.1,27.7,-9.3,33.3
2007-03-07,13.6,19.5,28.9,-8.4,23.7
2007-03-06,15.5,21.8,27.8,-7.7,31.4
2007-03-05,17,22.3,27.5,-7.2,31.1
2007-03-02,28.2,26.7,27.7,-6.1,27.3
2007-03-01,31.2,27.9,26.9,-5.8,26.9
2007-02-28,25.5,24.8,27,-5.6,26.6
2007-02-27,36.2,27.8,23.6,-5.4,23.9
2007-02-26,33.9,25.8,23.7,-5.2,20.4
2007-02-23,34.2,27,33.9,-4.7,19.6
2007-02-22,34.3,27.7,35.6,-4.6,21.3
2007-02-21,34.5,25.4,37,-4.5,12.6
2007-02-20,31.6,22.4,38.3,-4.4,11.6
2007-02-16,32.4,25.6,42,-4.1,19.3
2007-02-15,36.7,28,44.6,-4,20.2
2007-02-14,54.8,37.9,30.8,-3.9,20.9
2007-02-13,56.4,38.7,30.6,-3.9,21.6
2007-02-12,61.7,42.5,31.1,-6.5,22.7
2007-02-09,60.7,42.1,34.2,-40.5,22
2007-02-08,60.5,40.2,35,-41.9,21.9
2007-02-07,60.4,40.3,36,-43,21.8
2007-02-06,60.4,42,33.3,-44,29.1
2007-02-05,61.3,43.6,32,-44.1,33.5
2007-02-02,58.5,42.1,30.2,-45.2,31.9
2007-02-01,65.6,44.9,29.9,-45.6,31.1
2007-01-31,73.1,47.8,29.7,-46,30.5
2007-01-30,68.3,46.7,29.6,-46.3,32.6
2007-01-29,68.6,46.3,25.5,-46.7,32.2
2007-01-26,66.1,47.8,25.2,-47.6,39.5
2007-01-25,62.6,44.2,25.3,-53.5,31.9
2007-01-24,62.3,49,25.4,-17.1,48.1
2007-01-23,61,48.5,25.5,-17.3,49.4
2007-01-22,61.4,47.4,25.5,-17.5,44.9
2007-01-19,61.6,49.1,25.7,-18,49.4
2007-01-18,57.7,46.8,25.8,-18.2,50.1
2007-01-17,53.2,44.7,27.1,-18.4,50.6
2007-01-16,52.4,45.3,31,-18.5,51.2
2007-01-12,59.1,42.8,30.4,-19.1,36.9
2007-01-11,50.8,39,30.5,-19.2,36.3
2007-01-10,51.8,38.9,30.5,-4.2,35.9
2007-01-09,44.1,34.8,30.3,-4.3,29.8
2007-01-08,42.2,34,30,-3.7,29.6
2007-01-05,40,33,27,-3,30.9
2007-01-04,32.2,27.5,26.3,-2.9,29.4
2007-01-03,31.7,26.8,25.7,-2.8,30
2007-01-02,26.4,25.8,25.2,-2.7,34.4
2006-12-29,22,26.7,26.3,-2.6,42
2006-12-28,21.3,23.6,27.4,-2.6,32.3
2006-12-27,5.8,17.8,33,-2.5,33
2006-12-26,5.2,17.8,33.1,-2.5,33.8
2006-12-22,3.8,20,32.3,-2.5,43.5
2006-12-21,2,20.3,32.5,-2.5,47.1
2006-12-20,10.4,24.9,32.6,-2.5,48.4
2006-12-19,10.2,25.8,32.7,-2.5,51.9
2006-12-18,7.8,17.8,32.8,-2.5,27.4
2006-12-15,3.1,15.4,33.2,-2.5,25.3
2006-12-14,1.1,11.6,11.3,-2.5,24.8
2006-12-13,-1.9,9.5,11.3,-9.1,24.5
2006-12-12,-18.8,0.4,-0.1,-3.9,24.4
2006-12-11,-38.1,-11.7,-0.2,-6.9,12.8
2006-12-08,-44.1,-14.8,-4.3,-23.9,13
2006-12-07,-48,-11.1,5.8,-23.3,26.8
2006-12-06,-49.3,-12.4,3.9,-22.9,27
2006-12-05,-50.5,-8.2,2.5,-22.6,40.7
2006-12-04,-58.8,-12.3,1.3,-22.4,41.7
2006-12-01,-60.3,-12.9,-1.4,-22.2,44.9
2006-11-30,-54.9,-10.4,-0.2,-22.1,45.5
2006-11-29,-50,-8.8,-0.8,-22.1,43.6
2006-11-28,-56.1,-15.2,-33.9,-22.1,45.2
2006-11-27,-47.8,-11.7,-38.8,-22.1,47.8
2006-11-24,-50.7,-14.2,-46,-22.1,46.9
2006-11-22,-52.2,-22.4,-49,-22.1,23.6
2006-11-21,-52,-22.3,-50.2,-22.1,24.8
2006-11-20,-53.1,-22.4,-51.3,-22.2,25.6
2006-11-17,-55.3,-25.2,-54.2,-22.2,20.9
2006-11-16,-51.7,-24.2,-55,-22.3,20
2006-11-15,-45.3,-23.1,-55.8,-4.9,19.4
2006-11-14,-49.7,-23.7,-52.1,8.7,18.9
2006-11-13,-45.8,-20.7,-67.1,8.7,27.3
2006-11-09,-46.7,-18.9,-45.5,-4.4,26.5
2006-11-08,-53.5,-21.5,-46.2,-11.6,26.3
2006-11-07,-52.2,-21.3,-48.6,-13.3,26.2
2006-11-06,-51.9,-20.9,-50,-15.2,27.6
2006-11-03,-51.5,-17.9,-46.9,-19,36.1
2006-11-02,-56.8,-23,-46.7,-20,35.7
2006-11-01,-56.9,-22.6,-46.7,-20.9,35.4
2006-10-31,-52.6,-21.4,-46.7,-21.7,33.5
2006-10-30,-44,-18.2,-44,-22.4,32.3
2006-10-27,-44.9,-20.1,-46.3,-24.4,29.5
2006-10-26,-37.8,-19.1,-45.5,-25,21.7
2006-10-25,-45.3,-22.4,-45.1,-25.5,21.6
2006-10-24,-46.8,-28.6,-45.3,-26,3.8
2006-10-23,-47.6,-26.7,-45.4,-26.5,11.5
2006-10-20,-49.3,-28.8,-45.6,-27.8,7.9
2006-10-19,-49.8,-29.8,-45.7,-28.2,7.1
2006-10-18,-45.9,-27,-45.8,-28.6,6.4
2006-10-17,-49.1,-27.6,-45.9,-29,6.9
2006-10-16,-64.8,-29.7,-45.4,-29.4,21.2
2006-10-13,-68.1,-33.2,-44.5,-10.2,11.6
2006-10-12,-62.3,-31.2,-42.6,-5.1,9
2006-10-11,-48.6,-26.1,-40.9,-5.7,7
2006-10-10,-49.2,-26.8,-40.8,-2.6,5.3
2006-10-06,-49,-29.5,-29,6.5,-11
2006-10-05,-42.9,-34.9,-28.3,8.1,-37.2
2006-10-04,-42.9,-35.2,-27.9,9.6,-38.2
2006-10-03,-37.3,-33.3,-27.5,11,-38
2006-10-02,-38.5,-33.9,-27.3,12.2,-39.4
2006-09-29,-39.2,-37.2,-40.2,15.3,-42.1
2006-09-28,-47.9,-40.2,-36.5,16.2,-42.8
2006-09-27,-42.7,-38.3,-35.9,17.1,-42.2
2006-09-26,-42.8,-43.9,-34.8,17.9,-64.3
2006-09-25,-46,-46.6,-36.4,18.6,-68.2
2006-09-22,-46,-41.6,-38,20.6,-51.7
2006-09-21,-45.8,-45.2,-38.3,21.2,-64
2006-09-20,-37.7,-41.8,-38.5,21.8,-61
2006-09-19,-37.8,-41.3,-38.6,22.3,-59.6
2006-09-18,-36.2,-32.4,-38.8,22.9,-31.5
2006-09-15,-21.8,-24.5,-39.1,24.3,-27.8
2006-09-14,-18.9,-22.5,-38,24.8,-26.9
2006-09-13,-17,-21.8,-38.1,44.8,-26.2
2006-09-12,-16.6,-21.7,-41,62.9,-25.6
2006-09-11,-5.8,-17.3,-40.8,30.9,-25
2006-09-08,-4.9,-11.1,-10.3,49.1,-27.2
2006-09-07,-4.7,-10.1,-11,52.6,-27.7
2006-09-06,-4.6,-11.5,-11.4,55.5,-33.2
2006-09-05,-7.5,-13.2,-9.1,58.1,-38.9
2006-09-01,-5.5,-10.8,-5.7,65.8,-40.2
2006-08-31,-7.6,-11.5,-5.2,67.3,-40.4
2006-08-30,-7.5,-6,23.2,68.8,-34.2
2006-08-29,-6.7,-5.4,23.6,70.1,-34.5
2006-08-28,-2.6,-3.5,23.9,71.4,-34.7
2006-08-25,-1.3,-0.2,23.9,74.8,-26.6
2006-08-24,-1.1,-0.9,24,75.8,-31.6
2006-08-23,2.2,-0.3,24,76.8,-34.1
2006-08-22,2.4,0,24.1,77.7,-33.9
2006-08-21,1.1,8.3,24.2,78.7,-2.9
2006-08-18,0.3,7.4,24.5,81.2,-7.5
2006-08-17,2.9,8.9,24.6,82,-6.6
2006-08-16,-3,7.7,24.7,82.7,-5.9
2006-08-15,-1,8,26.3,87.8,-5.3
2006-08-14,-4.1,7.9,32.2,128.2,-4.8
2006-08-11,-4.1,6.7,31.9,131.8,-9.7
2006-08-10,-14.2,3.1,41.9,132.9,-10.6
2006-08-09,-13,3.2,39.8,136.9,-11.3
2006-08-08,-10.7,1.8,19.7,136.5,-11.8
2006-08-07,-10,3.7,19.4,136.6,-7.2
2006-08-04,-8.7,2.8,19,137.8,-12.9
2006-08-03,-1.9,9.2,18.9,138.3,-3.2
2006-08-02,2.6,11.3,18.9,138.8,-4.3
2006-08-01,1.7,10.5,18.8,139.3,-5.3
2006-07-31,-2.2,8.5,18.8,139.9,-6
2006-07-28,-1.8,5.4,8.7,141.4,-12.8
2006-07-27,7.5,10.6,12.2,141.9,-10.1
2006-07-26,7.9,10.8,12.2,142.4,-11
2006-07-25,7.8,12.4,12.1,142.9,-3.7
2006-07-24,7.9,14.5,12,143.4,2.8
2006-07-21,14.1,21.3,11.8,144.9,12.6
2006-07-20,15.5,20.8,11.8,145.3,9.1
2006-07-19,16.6,21,11.8,145.8,11.5
2006-07-18,18.7,22.5,11.4,154.1,13.9
2006-07-17,14.8,31.4,6.1,84.1,54.8
2006-07-14,16.6,33.6,7,111,59.2
2006-07-13,21.7,36.3,7.6,116.5,60.4
2006-07-12,22.8,36.5,8.6,121.2,61.4
2006-07-11,19.1,35.1,8.9,125.3,62.4
2006-07-10,19.7,36.1,9.2,126.6,63.3
2006-07-07,23.8,36.8,3,142.5,64.2
2006-07-06,30.6,38.3,3.2,146.2,58.1
2006-07-05,35.6,42.6,3.4,149.4,65.9
2006-07-03,38,44.4,3.6,155.2,66.7
2006-06-30,43.8,45.7,-6.2,162.3,67.9
2006-06-29,45.3,45.1,-11.4,164.5,68.3
2006-06-28,45.6,39.3,2.7,166.5,43.7
2006-06-27,46.6,39.6,3.1,168.4,43.7
2006-06-26,44.1,28.5,3.1,170.2,9.5
2006-06-23,44.1,35.2,3,175.2,31.6
2006-06-22,45.9,37.4,3,176.8,36.9
2006-06-21,46.8,39.1,2.9,178.3,40.9
2006-06-20,47,37.3,4,179.7,40.5
2006-06-19,45.5,37.2,4.6,181.1,43.3
2006-06-16,46.7,40.3,5.6,185,51.7
2006-06-15,44.8,40.2,5.8,186.2,53.9
2006-06-14,47.5,41.8,4.2,159.2,55.9
2006-06-13,44.4,41.7,4.3,124.7,57.7
2006-06-12,44.3,46.2,6.1,125.7,74.1
2006-06-09,46.4,47.9,14.3,101,74.7
2006-06-08,40,42.2,-2.8,97.3,77.9
2006-06-07,40.5,42.2,-2.5,94.5,78.3
2006-06-06,41.2,42.5,-2.7,92.3,78.9
2006-06-05,40.4,40.9,-2.7,90.5,78.2
2006-06-02,39.7,40,-2.6,86.6,77.2
2006-06-01,48.5,43.7,-2.6,85.6,77.1
2006-05-31,52.4,44.9,-2.5,84.8,77.2
2006-05-30,46.6,42.6,-2.6,84.1,74.9
2006-05-26,43.2,39.8,0.7,81.9,70.4
2006-05-25,42.9,39.8,0.6,81.6,71
2006-05-24,52.4,42.6,0.6,81.2,67.1
2006-05-23,48.5,38.5,0.5,80.9,58.8
2006-05-22,47.8,39,0.4,80.6,61.4
2006-05-19,51,42.5,0.2,79.9,68.8
2006-05-18,50.8,40.4,-9.1,79.7,70.3
2006-05-17,49.6,40.1,-9.2,68.7,71.6
2006-05-16,46,39.5,-7.8,74.4,72.8
2006-05-15,46.1,45.6,-7,70.6,94.3
2006-05-12,55.6,51.3,8.7,75.2,96
2006-05-11,40.4,45.1,9.6,86.9,96.5
2006-05-10,45.3,46.8,10.3,88.9,97.1
2006-05-09,45.7,47.5,12.9,90.5,97.7
2006-05-08,46.1,53.7,14.5,91.8,118.2
2006-05-05,47.4,53.7,17.6,94.6,115.8
2006-05-04,54.5,56.2,18.3,95.3,114.6
2006-05-03,54.9,56.2,19,96,113.9
2006-05-02,46,52.3,19.6,96.6,113.4
2006-05-01,45.3,52,20.1,97.2,113.1
2006-04-28,37.2,48.6,21.1,98.7,112.2
2006-04-27,40.9,45.3,21.9,99.2,98.8
2006-04-26,40.8,42.4,22,99.6,88.6
2006-04-25,27.3,36.7,22.1,100,88.8
2006-04-24,11.8,25.6,22.2,99.8,73.6
2006-04-21,6.9,20.5,22.2,102.1,64.8
2006-04-20,5.9,21,24.7,87.7,63.9
2006-04-19,5.4,22,24.7,-29.3,65.2
2006-04-18,1.5,20.4,24.8,-29.2,65.3
2006-04-17,1.1,20.4,24.9,-29.1,65.7
2006-04-13,-11.6,14.2,16.3,-28.9,67.6
2006-04-12,-10.5,15.9,16.2,-28.9,68.1
2006-04-11,-19.3,11.8,14.4,-51.2,68.5
2006-04-10,-19,14.2,13.7,-51.2,74.6
2006-04-07,-19.4,14.5,12.2,-53.2,78.7
2006-04-06,-23.5,11.9,12,-53.5,79.9
2006-04-05,-23.8,11.1,11.8,-53.8,80.8
2006-04-04,-28.4,10.1,11.6,-54.1,81.6
2006-04-03,-29.2,10.9,11.5,-54.3,85.2
2006-03-31,-25.9,14.6,25.6,-55,90.9
2006-03-30,-31,12.5,19.3,-55.1,94.3
2006-03-29,-31.9,12,19.2,-55.3,95.5
2006-03-28,-32.7,12.2,19.2,-55.5,96.6
2006-03-27,-41.9,-11.2,19.2,-55.6,31.4
2006-03-24,-43.1,-15.5,14.7,-56.1,21.1
2006-03-23,-40,-15.2,6.5,-56.2,21.4
2006-03-22,-40.4,-15.2,5.8,-56.4,21.7
2006-03-21,-40.3,-15.8,5.2,-56.5,20
2006-03-20,-40.5,-18.5,5.2,-56.6,11.8
2006-03-17,-41.8,-19.1,4.6,-57,12
2006-03-16,-40.1,-18.4,4.4,-57.2,12.1
2006-03-15,-38.5,-17.7,4.2,-57.3,12.2
2006-03-14,-42.7,-17.1,4.1,2.2,15.5
2006-03-13,-42.4,-11.8,2.3,26.9,32.9
2006-03-10,-48.9,-11.4,-3.6,28.3,46.5
2006-03-09,-52,-11.7,-0.9,28.8,50
2006-03-08,-44.2,-4.6,-1.2,26.8,60.7
2006-03-07,-44.7,-4.6,-4.2,25.7,63
2006-03-06,-45.1,-2.6,-6.5,25,70.7
2006-03-03,-46.7,-1.7,-10.5,23.7,78.8
2006-03-02,-51,-3.2,-10.6,23.4,80.9
2006-03-01,-51.5,-3,-11.4,23.2,82.8
2006-02-28,-55.4,-4.4,-12.1,23,84.5
2006-02-27,-47.5,-0.1,-11.1,22.8,86
2006-02-24,-39.2,2.4,-17.1,22.4,85
2006-02-23,-28.8,7.6,-18.7,22.3,88.1
2006-02-22,-27.3,0.4,-19.4,22.2,62.3
2006-02-21,-26.2,-0.5,-20.5,22.1,58.6
2006-02-17,-23.2,-0.4,-24.5,21.9,56.3
2006-02-16,-20.2,-0.4,-34.4,21.8,56.3
2006-02-15,-28.8,-1.2,-35.1,21.8,56.3
2006-02-14,-17.3,2.9,-35.8,21.7,56.4
2006-02-13,-44.2,-6,-36.5,21.7,61.2
2006-02-10,-37.8,-5.3,-44.7,-13.7,59.4
2006-02-09,-33.4,-4.5,-57.5,-14.3,59
2006-02-08,-32.2,-3.3,-57.8,-14.8,58.8
2006-02-07,-31.3,-3.1,-57,-14.1,58.6
2006-02-06,-33.2,-1.7,-58.1,-13.8,67.1
2006-02-03,-34.9,1.1,-60,-13.7,81.2
2006-02-02,-24.1,5.5,-60.4,-13.7,81.5
2006-02-01,-24.2,5.5,-60.9,-13.7,81.7
2006-01-31,-23,6.7,-61.3,-13.8,83.6
2006-01-30,-23.1,6.3,-63.8,-13.8,87.2
2006-01-27,-20.3,9.6,-58.5,-14,89.3
2006-01-26,11,22.8,-58.8,-14.1,87.8
2006-01-25,11.5,22.9,-59.2,-10.4,88.3
2006-01-24,12.6,13.1,-63.6,-16.9,57.7
2006-01-23,13.2,13.9,-63.8,-17,59.2
2006-01-20,13.4,16.9,-68.8,-17.2,71.9
2006-01-19,12.8,19.6,-70,-17.3,82.2
2006-01-18,20.6,23.6,-71,-17.3,85.1
2006-01-17,19.1,24.8,-71.2,-15.5,87.9
2006-01-13,24,29.1,-70,-4.9,94.3
2006-01-12,29.2,32.5,-63.6,-3.7,95.5
2006-01-11,21.9,29.9,-64.1,-2.6,96.6
2006-01-10,21.2,31,-64.8,4.2,97.6
2006-01-09,21.4,28.7,-65.6,5,86.6
2006-01-06,22,29.8,-64.1,2.8,89.2
2006-01-05,30.5,34.5,-63.8,2.7,90.7
2006-01-04,29.1,28.2,-63.6,2.7,72.3
2006-01-03,31,28.6,-63.5,2.7,71.8
2005-12-30,43.4,32.6,-67.3,2.9,69.3
2005-12-29,45.3,32.9,-69.5,3,69.3
2005-12-28,44.9,34.7,-71.2,3.1,76.4
2005-12-27,46.5,36.2,-64.2,3.2,76.5
2005-12-23,48.1,40,-64.4,3.5,87.3
2005-12-22,45.2,43.1,-65.4,3.6,102.7
2005-12-21,45.2,42.3,-69.4,3.7,102.3
2005-12-20,49.3,43.3,-70.3,3.8,101
2005-12-19,47.1,42.8,-71.1,3.9,102.6
2005-12-16,47.6,43.5,-73.3,4.1,105.4
2005-12-15,47.8,37.5,-73.9,4.2,84.9
2005-12-14,31.9,30,-74.5,8.9,85.5
2005-12-13,58.7,43,-65.7,9,86.1
2005-12-12,62.1,32.7,-66.2,1.6,45.6
2005-12-09,66.3,34.3,-69.6,21.3,47.1
2005-12-08,64.8,36,-50.6,23.1,47.5
2005-12-07,65.7,35.4,-47.2,24.4,43.7
2005-12-06,66.4,36.3,-46.8,25.5,44.1
2005-12-05,67,34.5,-46.3,26.4,36.2
2005-12-02,72.2,40.8,-45.6,28.5,48.8
2005-12-01,72.9,41.6,-45.5,29.1,51.8
2005-11-30,73.5,42,-45.4,29.6,54.1
2005-11-29,66.3,39.3,-45.3,30.1,56.1
2005-11-28,48.8,37.8,-27.6,30.5,67.2
2005-11-25,35.9,33.4,-31.3,31.8,71.9
2005-11-23,35.5,36.7,-32.6,32.5,85.1
2005-11-22,34.6,37.1,-33.1,32.8,87.7
2005-11-21,34.3,38.7,-31.7,33.1,91.2
2005-11-18,33.9,39.8,-32.6,34,99
2005-11-17,33.8,40.4,-32.8,34.3,101.1
2005-11-16,38.2,42.9,-33.1,34.6,103
2005-11-15,27.7,39.3,-33.3,39.2,104.6
2005-11-14,14,37.9,-33.5,44.3,116.2
2005-11-10,13,37.9,-45.7,36.9,121.2
2005-11-09,30.9,47.8,-36.5,35.8,122.3
2005-11-08,29.4,46.5,-37.8,34.3,123.3
2005-11-07,27.6,46.2,-38.4,33.5,124.3
2005-11-04,25,46.4,-37.1,32,124.9
2005-11-03,29.6,43.4,-36.7,31.7,115.1
2005-11-02,23,40.3,-36.5,31.4,115.9
2005-11-01,23.1,41,-36.4,31.2,117.9
2005-10-31,17.4,38.9,-36.3,31,121.6
2005-10-28,10.9,38,-36.2,30.7,128
2005-10-27,8.4,38.2,-9.7,30.6,120
2005-10-26,10.5,39.2,-9.7,30.5,120.2
2005-10-25,11.9,41.1,-8.7,30.4,122.7
2005-10-24,17.8,32.5,-8.2,30.4,85.9
2005-10-21,19.8,35.2,-7.2,30.3,91.7
2005-10-20,20,35.3,-11.9,17.8,91.4
2005-10-19,16.3,33.4,-11.7,-4.1,93.7
2005-10-18,13.4,32.6,-11.7,-4.2,95.7
2005-10-17,1.3,30.3,-11.7,-4,102.5
2005-10-14,3.2,34.9,-11.6,1.5,114.1
2005-10-13,12.8,39.2,-9.9,2.4,117.3
2005-10-12,10.8,40.4,-8.8,3.1,120
2005-10-11,12.4,41.9,-8.8,17.2,122.3
2005-10-07,17,45.2,-23.7,23.8,129.7
2005-10-06,7.2,44.7,-24,25.4,139
2005-10-05,7.7,47.4,-24.2,26.7,149.2
2005-10-04,21.2,53.4,-26.1,27.8,150.8
2005-10-03,21.4,54.1,-27.2,28.7,152.3
2005-09-30,2.3,50.8,-5.5,31,159.3
2005-09-29,-6.4,49.1,3.7,31.6,161
2005-09-28,-6,50.2,3.3,32.2,162.5
2005-09-27,-7.1,48.3,7.8,32.8,155.5
2005-09-26,13,48.1,10.3,33.3,125.9
2005-09-23,16.5,52.5,14.4,34.7,133.4
2005-09-22,17.4,53.7,15.3,35.1,135.5
2005-09-21,18.1,55,16.6,35.4,137.3
2005-09-20,19.2,53.5,17.3,35.8,131.6
2005-09-19,20.4,58.6,18.1,36.2,146.4
2005-09-16,22.4,61.1,19.9,37.2,150.5
2005-09-15,17.7,59.4,20.4,37.5,151.8
2005-09-14,26.6,64,20.8,29.1,152.9
2005-09-13,19.9,62.1,21.2,28.6,154.1
2005-09-12,11.1,58.9,23.5,28.9,155.1
2005-09-09,7.3,56.1,5.8,22.4,158.1
2005-09-08,6.6,56.2,5,23.8,159
2005-09-07,6.1,53.6,2.8,25,153.1
2005-09-06,6.3,50.6,2.4,26.1,143.5
2005-09-02,-4,39,1.1,29.2,116.9
2005-09-01,-3.3,39.3,1,29.9,116.7
2005-08-31,7.4,43.9,0.8,30.4,116.7
2005-08-30,21.6,50.4,10.3,31,115.7
2005-08-29,12.8,47.6,14,31.5,115.9
2005-08-26,10.9,47,15.4,32.9,117.1
2005-08-25,12.8,45.4,15.9,33.3,108.1
2005-08-24,12.5,48.2,16.3,33.7,117.8
2005-08-23,12.3,47.8,16.6,34.1,116.5
2005-08-22,11.9,40.6,16.3,34.5,93.1
2005-08-19,11.1,39.1,16,35.5,88.2
2005-08-18,10.9,38.6,16,35.8,87
2005-08-17,8.8,36.9,15.9,36.1,86.1
2005-08-16,8.7,36.6,15.9,36.4,85.3
2005-08-15,14.8,38.2,16,32.4,84.7
2005-08-12,4.3,34.4,23,48,83.5
2005-08-11,11.6,38.6,31.9,53.4,83.2
2005-08-10,16,40.1,31.5,53.5,83
2005-08-09,14.4,39.9,33.8,53.7,82.8
2005-08-08,14.9,37.5,24.8,53.9,83.4
2005-08-05,23.7,41.9,28.2,54.4,83.7
2005-08-04,22.1,39.6,29,54.6,75.9
2005-08-03,23.1,35.5,29.8,54.8,60.7
2005-08-02,27.5,37.5,30.5,55,62.6
2005-08-01,29.1,38.5,31.1,55.2,63.7
2005-07-29,25,37.5,32.8,55.7,65.7
2005-07-28,16.7,32.7,27.5,55.9,64.9
2005-07-27,17,31.4,28,56.1,58.9
2005-07-26,12,28.3,28.4,56.3,54.4
2005-07-25,16.7,23.9,27.6,56.4,33.4
2005-07-22,17.9,23.3,27.7,57,29.9
2005-07-21,18.4,24.4,29.1,57.1,29.2
2005-07-20,19.1,23.6,29.3,55.4,31.8
2005-07-19,19.4,23.7,29.8,38,31.4
2005-07-18,22.1,15.3,30.2,37.6,-1
2005-07-15,25.2,14.4,31.1,40.9,-9.6
2005-07-14,15.5,9.8,31.4,41.5,-11.8
2005-07-13,17,10.2,31.6,41.9,-13.6
2005-07-12,10.2,7.9,36.9,42.4,-15.1
2005-07-11,10.8,7.5,36.9,23,-16.4
2005-07-08,7.3,5,37.8,23.8,-19.4
2005-07-07,10.7,7.3,49.1,24,-21.6
2005-07-06,10.3,6.2,49.6,24.2,-22.4
2005-07-05,2.7,-0.3,50.7,24.4,-33.2
2005-07-01,1.8,-3.1,53.2,25.1,-42.9
2005-06-30,-7,-11.5,22.6,25.3,-44.5
2005-06-29,-6.6,-10.9,23,25.4,-46
2005-06-28,-8.7,-13,16.6,25.6,-47.2
2005-06-27,-10.2,-19.5,12.9,25.7,-64.7
2005-06-24,-9.7,-23.6,1.1,26.1,-74
2005-06-23,-12.9,-25.7,-1.3,26.2,-76.2
2005-06-22,-12.8,-26.7,-5,26.4,-78.1
2005-06-21,-12.7,-27.6,-6.6,26.5,-79.8
2005-06-20,-12.2,-28.8,-7.3,26.6,-83
2005-06-17,-10.5,-31.9,-9.7,26.9,-96.8
2005-06-16,-14.3,-34.3,-10.4,27,-99.7
2005-06-15,-6.6,-32.1,-13.4,27.1,-102.1
2005-06-14,0.4,-29.4,-14.1,4.3,-104.3
2005-06-13,7.7,-27.7,-14.7,4.3,-106.3
2005-06-10,9,-26.3,-0.9,3.5,-110.6
2005-06-09,5,-29.2,-0.2,3.5,-111.9
2005-06-08,5.3,-29.5,1.7,3.5,-113.1
2005-06-07,4.5,-29.8,1.9,3.6,-114.3
2005-06-06,4.1,-31.6,0.4,3.6,-119.7
2005-06-03,3.6,-27.6,-1.6,3.7,-104.3
2005-06-02,15.2,-22.3,-2.1,3.7,-104.4
2005-06-01,15.2,-22.7,-2.5,3.7,-104.6
2005-05-31,17.2,-21,-2.8,3.8,-103.9
2005-05-27,15,-23.6,-11.1,3.9,-104.8
2005-05-26,14.3,-20.5,-10.8,3.9,-93.8
2005-05-25,16.1,-19.5,-10.8,3.9,-94
2005-05-24,16.1,-17.6,-10.7,4,-87.3
2005-05-23,16,-13.7,-7.2,4,-75.3
2005-05-20,16.4,-16.2,-7.3,4,-83
2005-05-19,16.5,-17.4,-7.3,4.1,-84.2
2005-05-18,22,-16.5,-7.4,4.1,-85.3
2005-05-17,28.2,-13.9,-7.5,18.3,-86.2
2005-05-16,32.4,-16.3,-39.5,24.5,-87.1
2005-05-13,50.8,-8.3,-36.4,35.2,-87.4
2005-05-12,53.4,-7.2,-44.1,37.5,-87.6
2005-05-11,42.1,-13.9,-44.2,39.6,-93.2
2005-05-10,12.4,-27.7,-44.3,41.4,-93.5
2005-05-09,13.1,-28.1,-44.1,43.1,-93.8
2005-05-06,14.5,-25.3,-44,47.1,-91.7
2005-05-05,4.4,-34,-44.1,48.3,-105.2
2005-05-04,4.6,-33.9,-44.2,49.4,-105.5
2005-05-03,3,-33.1,-44.3,50.4,-100.4
2005-05-02,2.2,-32.2,-44.4,51.3,-97.6
2005-04-29,6.3,-29.9,-44.7,53.9,-93.5
2005-04-28,2.8,-32.1,-44.8,54.6,-95.1
2005-04-27,10.4,-27.7,-37.2,55.4,-94.5
2005-04-26,12.3,-22.4,-36.8,56.1,-79.9
2005-04-25,1.5,-26.9,-38.8,56.7,-78.5
2005-04-22,1,-24.5,-38.6,69.3,-70.9
2005-04-21,0.9,-24.8,-40.9,72.1,-70
2005-04-20,-7.5,-26.8,-40.9,78.2,-64.7
2005-04-19,-14.1,-29.5,-40.5,68,-63.4
2005-04-18,-9.8,-20.1,-40.2,69.8,-34.3
2005-04-15,-10,-19.5,-39.9,74.1,-32.1
2005-04-14,-11.5,-19.6,-36.8,75.3,-31.5
2005-04-13,-11.5,-19.1,-36.8,76.5,-30.9
2005-04-12,-2.8,-14,-30.6,77.6,-30.5
2005-04-11,6.4,-9.5,-27.2,78.6,-30
2005-04-08,-2.2,-12.3,-26.1,81.4,-26.9
2005-04-07,-3.5,-12.8,-29.7,82.2,-26.1
2005-04-06,-4.7,-11.4,-28.6,83.1,-19.1
2005-04-05,-5.9,-7.3,-27.7,83.8,-3.9
2005-04-04,-6.9,-9.3,-26.8,84.6,-4.4
2005-04-01,-7.7,-9.6,-24.7,86.7,-4.6
2005-03-31,-7.8,-4.1,19.4,87.4,-4.6
2005-03-30,-19.2,-7.2,20,88,-2
2005-03-29,-15.7,-2.2,35.9,88.6,2.5
2005-03-28,-15.4,3.3,41.5,89.2,18.4
2005-03-24,-17.2,2.5,44.5,91.5,17.5
2005-03-23,-20.5,2.4,39.9,92,24
2005-03-22,-24,8.9,40.4,92.6,50.4
2005-03-21,-24.6,7.8,41,93.1,52.2
2005-03-18,-25.2,8,42.4,94.5,53
2005-03-17,-24,8.6,42.8,95,53.3
2005-03-16,-19.5,10.7,43.2,95.5,53.6
2005-03-15,-22.2,11.4,43.6,95.9,59.3
2005-03-14,-27.3,8.6,44,96.3,59.8
2005-03-11,-29.1,8.8,35.2,97.2,65.8
2005-03-10,-22.6,11.4,36.3,97.5,67.2
2005-03-09,-23,12.8,47.7,97.8,68.4
2005-03-08,-23.1,9.1,48.4,98.1,52.3
2005-03-07,-23.2,9.4,46.9,96.4,53.6
2005-03-04,-23.8,10.9,44.3,94.7,59.9
2005-03-03,-24.5,8.5,44,94.4,55.1
2005-03-02,-24.3,9.9,43.8,94.3,56.8
2005-03-01,-25,10.5,43.7,94.2,58.2
2005-02-28,-20,13.8,48.4,94.2,59.5
2005-02-25,-22.5,11,33.2,94.3,61.1
2005-02-24,-24.7,12.1,31.6,94.4,66.5
2005-02-23,-23.9,12.5,30.4,94.4,67.2
2005-02-22,-24.1,20.7,28.9,94.5,95.5
2005-02-18,-27.1,18.3,26.7,95,85.4
2005-02-17,-26.5,18.5,26.3,26.4,85.5
2005-02-16,-30.5,17.2,25.9,26.3,85.7
2005-02-15,-32.9,17.4,34.3,26.3,86
2005-02-14,-38.2,12.2,34,26.3,77.9
2005-02-11,-36.6,12.2,26.6,30.3,78.7
2005-02-10,-36.4,12.3,26.4,31.4,79
2005-02-09,-39.1,11.5,23.5,32.2,79.2
2005-02-08,-37.9,10.4,21.4,32.9,79.5
2005-02-07,-37.2,10.2,19.1,33.5,78.1
2005-02-04,-32.7,9.4,15.2,35.3,70.1
2005-02-03,-29.1,0.9,14.3,35.8,32.8
2005-02-02,-23.7,2.6,13.6,36.2,31.3
2005-02-01,-20.9,3.1,13,36.5,28.2
2005-01-31,-17.2,3.8,12.4,36.9,24.9
2005-01-28,-13.2,4.4,10.9,37.8,21.4
2005-01-27,-5,4.1,6.9,38,9.8
2005-01-26,-4.3,4.3,6.5,38.3,8.6
2005-01-25,-3.3,1.3,6.9,19.9,0.8
2005-01-24,-6.6,0,4.5,-0.4,3
2005-01-21,-4.6,0.1,1,0,1.5
2005-01-20,-3,1.7,-2.7,-1.3,-2.3
2005-01-19,3.9,4.2,-3.3,0.9,-2.3
2005-01-18,5.1,4.3,-4,3.2,-2.4
2005-01-14,1.6,1.7,-6.2,7.3,-5.5
2005-01-13,-2.2,-5.2,-46.4,8,-5.9
2005-01-12,0.4,-4.1,-45.8,8.5,-6.3
2005-01-11,29.1,7.8,-46.3,9,-6.7
2005-01-10,27.5,4.7,-46.7,9.4,-14.9
2005-01-07,26,2.9,-46.6,10.6,-18.4
2005-01-06,27.7,6.3,-46.7,10.9,-7.6
2005-01-05,27.6,6.8,-46.9,11.2,-8.4
2005-01-04,22.5,4.2,-47.8,11.5,-9.7
2005-01-03,22,4,-48.5,11.8,-10.7
2004-12-31,19.8,1.3,-49.8,12.5,-15.2
2004-12-30,19.4,1.1,-50.2,12.7,-15.1
2004-12-29,21.4,1.8,-50.6,13,-15.9
2004-12-28,21,1.6,-49.9,13.2,-16.7
2004-12-27,21.4,2.5,-52.7,13.4,-12.8
2004-12-23,22.7,2.2,-53.4,14.1,-14.9
2004-12-22,24.4,3.6,-53.6,14.2,-10
2004-12-21,22.5,2.7,-54.7,14.4,-10
2004-12-20,22.6,-0.2,-55.4,14.6,-17.3
2004-12-17,23.3,-0.8,-56.8,15,-19.4
2004-12-16,23.5,-12,-57.2,15.1,-55
2004-12-15,23.6,-13,-57.5,15.3,-55.6
2004-12-14,21,-15.6,-65.2,15.4,-56.1
2004-12-13,30.1,-11.6,-65.5,17.4,-56.6
2004-12-10,23.8,-16.6,-71,16.6,-61.5
2004-12-09,21.9,-17.8,-71.3,16.5,-62.8
2004-12-08,21.5,-17,-56.8,29.8,-66
2004-12-07,22.3,-17.2,-56,31.8,-67
2004-12-06,22.6,-21.2,-61.7,33,-77.3
2004-12-03,23.1,-23.5,-70.4,35.2,-81.1
2004-12-02,26.5,-21.9,-72.3,35.7,-80
2004-12-01,26.6,-22.7,-74,36.2,-79.3
2004-11-30,23.2,-24,-75.4,36.6,-78.8
2004-11-29,23.9,-19,-51.7,37,-70.7
2004-11-26,19.1,-23.2,-58.5,38,-72.6
2004-11-24,17.1,-21.6,-61.9,38.5,-62.4
2004-11-23,18.4,-21.7,-65.4,38.8,-62.3
2004-11-22,17.9,-21.7,-67.3,39,-60.7
2004-11-19,14.5,-24,-71.5,39.7,-58.6
2004-11-18,13.8,-24.6,-72.7,40,-58.2
2004-11-17,14.6,-24.1,-73.7,40.2,-57.9
2004-11-16,5.8,-27.6,-74.4,40.4,-57.6
2004-11-15,5.2,-28,-75.1,23.8,-57.4
2004-11-12,2.7,-30,-77.3,24.2,-58.3
2004-11-10,-6.6,-31.9,-59.6,24.5,-56.7
2004-11-09,-25.1,-40.4,-63.2,23,-56.8
2004-11-08,-30.1,-33.6,-66.1,23.1,-22.7
2004-11-05,-39.1,-38.8,-72.6,22,-22.8
2004-11-04,-56.2,-42.7,-73.7,21.7,-11
2004-11-03,-58.1,-41,-74.7,21.6,-3.2
2004-11-02,-66.6,-46.3,-75.8,21.4,-5.1
2004-11-01,-70,-49.5,-76.7,21.3,-9.3
2004-10-29,-69.8,-52.8,-79.4,21.2,-15.3
2004-10-28,-74.6,-55.6,-85.4,21.1,-15.1
2004-10-27,-76,-60.5,-69.6,21.1,-37.8
2004-10-26,-80.6,-57.9,-70.1,21.1,-23.2
2004-10-25,-80.5,-58.7,-72.9,21.1,-25.1
2004-10-22,-82.8,-61,-77.6,11.2,-27.1
2004-10-21,-83.5,-60.4,-78.2,4.4,-26.2
2004-10-20,-90,-63.8,-79.2,4.3,-18.6
2004-10-19,-90.7,-64.3,-81.3,4.3,-18
2004-10-18,-93.4,-64.4,-82.9,4.3,-14.7
2004-10-15,-96.7,-64.5,-86.5,4.2,-9.4
2004-10-14,-95,-63.6,-87.5,4.2,-8.2
2004-10-13,-83.8,-58.4,-88.4,4.2,-7.3
2004-10-12,-85.2,-59.4,-94,-0.5,-6.4
2004-10-08,-87.2,-55.2,-95.7,-8,6.5
2004-10-07,-82.1,-51.9,-91.4,-9.1,11.2
2004-10-06,-82.4,-52.6,-91.7,-10,11.6
2004-10-05,-82.8,-49.7,-92.1,-12.2,19.9
2004-10-04,-78.6,-46.7,-91.9,-13.7,21.2
2004-10-01,-81.4,-46.5,-92.4,-16.8,26.8
2004-09-30,-81.3,-46.8,-99.4,-17.6,27.9
2004-09-29,-86.3,-47.9,-96.7,-18.4,28.5
2004-09-28,-94.9,-51.5,-97,-19,29.3
2004-09-27,-92.5,-50,-93.9,-19.7,30.1
2004-09-24,-98.8,-53,-96.5,-21.3,30.8
2004-09-23,-99.4,-52.7,-91.9,-21.8,30.5
2004-09-22,-100.3,-53.3,-92.8,-22.2,30.4
2004-09-21,-102.5,-54.7,-93.4,-22.6,29.5
2004-09-20,-104.6,-56.5,-93.5,-23,26.2
2004-09-17,-106.4,-58.8,-94.3,-24.2,21.6
2004-09-16,-106.4,-58.7,-94.6,-24.5,20.6
2004-09-15,-97.5,-57,-94.9,-24.8,19.9
2004-09-14,-95.8,-55.6,-95.2,-21.4,19.2
2004-09-13,-96.1,-50.9,-95.5,-21.7,33.2
2004-09-10,-97.7,-52.1,-96.4,-22.5,32
2004-09-09,-105.6,-51.5,-75.6,-36,31.7
2004-09-08,-106.7,-48,-52.1,-36.3,31.4
2004-09-07,-107.6,-52,-51.8,-36.6,19
2004-09-03,-110.5,-56.5,-42.8,-44.5,5.5
2004-09-02,-104.4,-53.8,-41.8,-45.5,5.8
2004-09-01,-105,-54,-41,-46.4,6
2004-08-31,-102.1,-50.9,-40.3,-47.2,6.2
2004-08-30,-90.4,-43,-24.9,-47.9,7.2
2004-08-27,-90.8,-42.5,-23.4,-49.7,9.5
2004-08-26,-92.2,-41.6,-16.3,-50.3,10
2004-08-25,-92.4,-44.7,-15.9,-50.8,-0.1
2004-08-24,-85.1,-41.7,-16.7,-51.3,-0.5
2004-08-23,-85.3,-41.6,-17,-51.8,-0.6
2004-08-20,-88.4,-40.7,-17.4,-53,0
2004-08-19,-89.1,-41.3,-19.6,-53.4,0.1
2004-08-18,-88.9,-41.1,-19.6,-53.8,0.3
2004-08-17,-89.4,-41.3,-19.6,-54.2,0.5
2004-08-16,-88.1,-38.8,-19.6,-54.6,6.6
2004-08-13,-85.2,-37.3,-14.7,-55.6,5.7
2004-08-12,-42.9,-16.6,12,-55.9,5.5
2004-08-11,-39.5,-14.8,13,-56.2,5.3
2004-08-10,-39.3,-14,20.2,-56.5,5.2
2004-08-09,-39,-12.4,18.2,-50.9,5.3
2004-08-06,-43.6,-15.5,9.8,-51.7,5.3
2004-08-05,-23.6,-2.7,9.6,-52,17.7
2004-08-04,-24.3,4.5,9.4,-52.2,38.3
2004-08-03,-29.4,1.6,9.3,-52.5,35.4
2004-08-02,-28.7,1.3,9.2,-52.7,32.2
2004-07-30,-26,0.9,9.1,-53.4,27.4
2004-07-29,-19,3.4,7.7,-53.6,26.5
2004-07-28,-18.7,4.8,22.5,-53.8,25.6
2004-07-27,-17.1,0.7,23.6,-54,9.3
2004-07-26,-28.2,-7.4,24.2,-54.3,-2.5
2004-07-23,-28.2,-6.4,22.8,-54.9,4.1
2004-07-22,-27.8,-4.2,30.5,-55.1,7.6
2004-07-21,-27.7,-10.6,30.4,-55.3,-8.6
2004-07-20,-27.1,-10,28.4,-55.4,-6.8
2004-07-19,-22.1,-8.8,27.2,-55.6,-9.3
2004-07-16,-21.5,-9.7,25.3,-56.2,-11.2
2004-07-15,-17.5,-8.2,24.9,-25.7,-11.6
2004-07-14,-21.5,-10.1,24.5,-25.8,-11.9
2004-07-13,-14.5,-7.3,24.2,-25.9,-12.1
2004-07-12,-25.6,-12.7,19.6,-23.4,-12.3
2004-07-09,-17.5,-9.6,17.1,-20.2,-12.5
2004-07-08,-15.7,-7.9,17,-10.7,-12.6
2004-07-07,-14.3,-9.3,13.3,-10.2,-18.8
2004-07-06,-13.1,-12.2,12.1,-9.8,-29.3
2004-07-02,-2.2,-8.6,9.9,-8.5,-32.6
2004-07-01,13.5,-2.3,9.6,-8.3,-33.1
2004-06-30,15.8,-4.5,-13.2,-8.1,-33.5
2004-06-29,30.9,1.1,-13.5,-7.9,-35.2
2004-06-28,23.5,1.8,14.1,-7.7,-35.5
2004-06-25,29.7,7.5,14.5,-7.2,-24.4
2004-06-24,40.4,21,14.4,-7.1,4
2004-06-23,33.2,18.9,10.9,-6.9,8.6
2004-06-22,34.6,19.9,10.9,-6.8,8.7
2004-06-21,35.9,19.9,10.8,-6.7,8
2004-06-18,40.4,22.9,12.2,-6.4,10.4
2004-06-17,41.5,23.6,12.5,-6.3,10.9
2004-06-16,40.6,23.1,12.8,-6.2,11.3
2004-06-15,37.7,21.6,13,-6.1,11.6
2004-06-14,35.3,20.9,13.2,-6.1,11.9
2004-06-11,52.4,27.7,13.6,-5.8,8.5
2004-06-10,53.1,27.4,10.7,-5.8,7.6
2004-06-09,53.7,25.6,-10.5,13.4,7
2004-06-08,54.3,25.3,-14.7,13.5,6.5
2004-06-07,53.3,21.9,-14.7,13.6,-2.2
2004-06-04,51.2,19,-19.8,13.9,-3.2
2004-06-03,48.7,15.9,-21.2,14,-3.4
2004-06-02,50.2,13.9,-22.2,14.1,-14
2004-06-01,48.4,13.2,-23.1,14.2,-14.3
2004-05-28,40.1,7.7,-25.6,14.5,-20.1
2004-05-27,35.3,7.6,-18.7,14.6,-16.7
2004-05-26,36.6,7.9,-19.1,14.7,-17.3
2004-05-25,44.8,13,-18,14.8,-13.4
2004-05-24,46.1,10.7,-17.5,14.9,-20.9
2004-05-21,44,8.6,-17,15.1,-25.5
2004-05-20,43.4,8,-17,15.1,-26.7
2004-05-19,46.7,9.3,-17,15.2,-27.7
2004-05-18,46.8,8.9,-17.1,15.3,-28.5
2004-05-17,47,8.2,-38.2,15.3,-23.9
2004-05-14,47.1,8.7,-29.3,15.5,-26.7
2004-05-13,42.8,5.7,-28.2,15.6,-27.5
2004-05-12,40.8,6,-9.4,15.7,-29.2
2004-05-11,52.9,10.4,-8.6,15.7,-29.8
2004-05-10,52.4,10.8,-7,15.8,-30.5
2004-05-07,51,10.3,-4.1,15.9,-32.2
2004-05-06,36.9,9.1,-3.5,16,-12.8
2004-05-05,36.6,12.1,-2.9,16,-3.5
2004-05-04,28.8,8.7,-2.3,16.1,-3
2004-05-03,28,8.9,-1.9,16.2,-1.9
2004-04-30,30.7,10.4,-0.6,16.3,-0.8
2004-04-29,26.7,8.9,-7.2,16.4,-0.7
2004-04-28,41.9,12.3,-6.9,16.4,-9.2
2004-04-27,40,12.2,3.7,16.5,-9.5
2004-04-26,31.6,9.3,3.9,16.5,-11
2004-04-23,24.7,-4.3,4.9,16.6,-47.4
2004-04-22,21.1,-4,18.1,16.7,-46.7
2004-04-21,20.4,-2.3,18.5,16.7,-40.2
2004-04-20,19.8,-2.2,17.6,16.8,-39.8
2004-04-19,19.3,3.3,17.2,16.8,-25.4
2004-04-16,19.1,3.6,16.8,26.4,-25.9
2004-04-15,24.3,6,16.8,28.9,-26
2004-04-14,18.6,3.6,16.8,13.8,-26.1
2004-04-13,10.3,0.1,17.3,15.3,-26.2
2004-04-12,-10.8,-9,17.6,16.7,-26.2
2004-04-08,-4.3,-4.9,25.6,20.5,-25.1
2004-04-07,-3.7,-2.8,25.8,21.3,-17.2
2004-04-06,-5.1,-2.7,26.1,22,-15.5
2004-04-05,-5.8,-3.1,26.3,22.6,-15.2
2004-04-02,-16.6,-6.1,26.9,24.3,-15.2
2004-04-01,-35.2,-13.9,27,24.7,-15.2
2004-03-31,-44.7,-20.1,11.8,25.2,-15.2
2004-03-30,-38.1,-16.7,11.9,25.7,-15.4
2004-03-29,-40.8,-18.1,21,26.1,-20.5
2004-03-26,-40.5,-18.1,21.4,27.2,-21.6
2004-03-25,-42,-21.1,21.5,27.6,-21.7
2004-03-24,-42.1,-21.3,21.7,27.9,-22
2004-03-23,-46.5,-24.8,19.5,28.2,-26.6
2004-03-22,-46.5,-26.8,12.2,28.5,-30.4
2004-03-19,-48.3,-28.8,11.1,29.4,-34.5
2004-03-18,-48.6,-29.4,11.3,29.7,-36.1
2004-03-17,-46.3,-28.4,11.3,29.9,-37.4
2004-03-16,-49.8,-31.6,11.3,30.2,-38.4
2004-03-15,-47.5,-25.8,11.3,30.4,-21.8
2004-03-12,-46.8,-25.9,11.2,31.1,-22.7
2004-03-11,-46.4,-24.5,11.2,31.4,-23
2004-03-10,-36.3,-19.2,11.1,31.6,-23.3
2004-03-09,-31.4,-16.7,13.4,31.8,-23.6
2004-03-08,-31.4,-10.6,38.5,32,-23.8
2004-03-05,-31.6,-9.7,48.9,32.6,-23.7
2004-03-04,-20.1,-4.5,51.5,32.8,-23.7
2004-03-03,-20.1,-0.3,53.6,33,-9.6
2004-03-02,-16.1,1.7,55.4,33.1,-8.5
2004-03-01,-16.8,2.3,57,33.3,-6.6
2004-02-27,-17,3.6,60.7,33.8,-3.9
2004-02-26,-22.6,-1.4,52.4,34,-7.7
2004-02-25,-20.9,-0.5,53.3,34.2,-5.5
2004-02-24,-20.8,0.2,52.2,34.3,-3.1
2004-02-23,-12.2,9,51.9,34.5,14.2
2004-02-20,-4.4,16.1,52.2,34.9,26
2004-02-19,-6,16.5,53,35.1,28.8
2004-02-18,-2.7,17.8,53.2,35.2,31.1
2004-02-17,0.9,17,30.3,35.3,33.1
2004-02-13,5,22.3,33.7,35.9,43.2
2004-02-12,25.4,31.2,34.2,36,44.3
2004-02-11,18.4,28,28.2,36.1,46.3
2004-02-10,19.2,29,30.5,36.3,47.3
2004-02-09,19.3,29.1,32.1,36.4,48.2
2004-02-06,20.2,31.2,35.8,36.7,51.7
2004-02-05,25.8,32.3,36.2,36.9,47.2
2004-02-04,26.1,31.2,36.7,37,42.3
2004-02-03,16.4,26.7,37.2,37.1,39.7
2004-02-02,17.4,27.1,37.6,37.2,38.8
2004-01-30,22.1,29.1,39,37.5,37.8
2004-01-29,36.2,35.2,30.1,37.6,39.6
2004-01-28,37.1,37.6,36.3,37.7,43.6
2004-01-27,41.7,37.2,37,37.8,35.6
2004-01-26,48.7,36.8,37.6,37.9,26.9
2004-01-23,55.8,43.3,45.6,38.2,34.7
2004-01-22,57.5,43.3,54.8,38.3,36.7
2004-01-21,58.9,45.7,56.1,38.4,43.3
2004-01-20,56.7,45.5,57.2,38.5,44.7
2004-01-16,60.8,49.8,60.3,0,52.5
2004-01-15,59.7,49.5,58.1,0,53.8
2004-01-14,60.7,50,58.7,0,54.9
2004-01-13,41.7,42.4,57.3,2.1,55.9
2004-01-12,43.5,44.4,57.8,3.3,56.9
2004-01-09,47.7,45,59.4,5.4,52.6
2004-01-08,61.4,50.1,59.9,5.9,51.7
2004-01-07,62.3,50.7,60.4,6.3,52.1
2004-01-06,65,52.7,60.8,6.6,54.7
2004-01-05,71.6,55.5,61.6,7,53.6
2004-01-02,75.6,57.1,59.6,7.8,53.7
2003-12-31,62,51.6,59.4,,54.1
2003-12-30,64.5,52.5,59.4,,53.4
2003-12-29,70.9,57.1,59.5,,59.6
2003-12-26,70.6,57.4,53.4,,60.4
2003-12-24,70.8,59.7,66.2,,60.8
2003-12-23,77.9,62.9,65.4,,61.1
2003-12-22,77.1,64.6,64.8,,69.5
2003-12-19,78.6,67.3,53.9,,80.1
2003-12-18,79.1,67.1,53,,79.8
2003-12-17,75.8,63.9,52.2,,74.9
2003-12-16,76.3,64,51.6,,74.8
2003-12-15,74.4,64.3,51,,74.8
2003-12-12,73.7,64.5,49.7,,75.9
2003-12-11,78.3,63.4,24.3,,76.3
2003-12-10,76.4,63,23.9,,76.6
2003-12-09,76,63.8,24.5,,76.8
2003-12-08,76,60,-3.5,,73.8
2003-12-05,76.3,62,-3.3,,79.5
2003-12-04,84.7,62.6,-3.4,,73.5
2003-12-03,84.9,60.6,-3.5,,66.4
2003-12-02,92.3,64.4,-3.7,,69.2
2003-12-01,92.4,64.8,-3.8,,70.8
2003-11-28,79.5,60.4,-4.2,,74.2
2003-11-26,79.9,53.8,7.9,,46.9
2003-11-25,70.2,49.8,8.6,,49.4
2003-11-24,52.7,36,9,,27.5
2003-11-21,54.9,39.7,9.5,,33.3
2003-11-20,55.5,39.1,-0.7,,34.8
2003-11-19,55.5,39,-0.6,,36
2003-11-18,53,38.6,0.4,,37.1
2003-11-17,51,38.8,1,,38
2003-11-14,50.5,40.5,2,,42.8
2003-11-13,51.8,39.8,-10,,44.2
2003-11-12,56.9,42.7,-9.8,,45.3
2003-11-10,60.9,45.6,-8.1,,43
2003-11-07,66.5,49.6,-4.1,,45.3
2003-11-06,59.9,52,-3,,67.8
2003-11-05,60.9,51.3,-2.2,,66.6
2003-11-04,59,51.4,0.7,,67.2
2003-11-03,59.8,51.6,2.5,,67.4
2003-10-31,62.1,53.8,5.9,,71.4
2003-10-30,64.9,55.9,4.3,,73.3
2003-10-29,43,45.9,5,,69.1
2003-10-28,43.3,42.9,-15.9,,69.8
2003-10-27,44.3,35.4,-15.4,,43.1
2003-10-24,45.7,35.7,-20.7,,43.7
2003-10-23,46.2,35.4,-21.4,,43.7
2003-10-22,46.7,35.8,-20.6,,43.7
2003-10-21,47.8,32.7,-21,,34.1
2003-10-20,48.6,32.7,-21.3,,31.8
2003-10-17,50.6,32.7,-22.6,,28.4
2003-10-16,48.7,31.7,-22.9,,27.8
2003-10-15,42.9,28.9,-23.1,,27.4
2003-10-14,41.2,29.3,-23.3,,27
2003-10-10,44.6,33.8,-23.9,,38.7
2003-10-09,33.8,28.9,-24,,40.6
2003-10-08,34.5,31.7,-26.5,,51.8
2003-10-07,34.8,34.1,-14,,53
2003-10-06,35.3,34,-13.6,,50.9
2003-10-03,36.5,35.6,-8.8,,51.7
2003-10-02,26.2,31.6,-7.6,,52
2003-10-01,26.6,32.1,-6.6,,52.3
2003-09-30,29.5,32.9,0.8,,50.5
2003-09-29,44.5,38.6,19.4,,48.4
2003-09-26,45.6,40.9,29.1,,49.6
2003-09-25,42.4,40,31.6,,49.9
2003-09-24,42.7,39.2,33.7,,45.3
2003-09-23,43.2,41.5,49.7,,45.4
2003-09-22,42.1,44.6,52.7,,55.1
2003-09-19,43.1,46.8,58.9,,54.6
2003-09-18,43.4,47.1,60.5,,54.5
2003-09-17,45,47.4,61.9,,54.4
2003-09-16,45.5,47.3,63.9,,54.3
2003-09-15,48.9,47.2,65.5,,49.9
2003-09-12,53.4,49.5,69.4,,50.5
2003-09-11,57.8,51.5,70.5,,50.7
2003-09-10,57.6,51.1,71.5,,50.9
2003-09-09,58.5,50.9,68.3,,51
2003-09-08,58.9,43.7,68.5,,30.6
2003-09-05,60.3,44.6,74.7,,29.5
2003-09-04,71.1,46.6,76.2,,17.5
2003-09-03,66.3,45.9,77.4,,19.8
2003-09-02,66.9,46.1,78.6,,19.7
2003-08-29,68.3,46.8,82.3,,20.9
2003-08-28,65.9,45.6,77.8,,21
2003-08-27,62.7,42.5,78.6,,14.9
2003-08-26,63.9,43,79.3,,14.8
2003-08-25,62.2,37.9,80,,2.1
2003-08-22,64.3,40.8,82,,8.6
2003-08-21,64.9,40.9,76.1,,10.7
2003-08-20,59.1,37.7,76.6,,12.2
2003-08-19,59.6,38.4,77.7,,13.7
2003-08-18,58.8,35.6,78.5,,5
2003-08-15,60.1,36.6,80.5,,7.5
2003-08-14,56,35.1,81.1,,8.2
2003-08-13,43.8,30.2,81.7,,8.7
2003-08-12,39.9,28.4,82.3,,9.3
2003-08-11,40.3,25.8,67.1,,9.3
2003-08-08,31.7,24.9,71.6,,10.8
2003-08-07,30.1,23.5,59.6,,11.2
2003-08-06,28.9,25.8,61,,14.4
2003-08-05,27.9,22.4,62.1,,4.9
2003-08-04,13.1,14.8,63.2,,4.8
2003-08-01,11.7,11.7,65.7,,-0.8
2003-07-31,16.1,13.3,66.4,,-1.6
2003-07-30,-4.6,4.4,67,,-2.4
2003-07-29,-4.9,7.2,91.4,,-2.9
2003-07-28,7.4,11.8,89.6,,-3.4
2003-07-25,9.4,11,83.7,,-7
2003-07-24,6.7,9.3,83,,-11.2
2003-07-23,7.1,10.5,82.6,,2
2003-07-22,9.9,11.7,83.7,,1.7
2003-07-21,11.9,11.4,83.1,,-2
2003-07-18,15.3,11.9,82.2,,-7.4
2003-07-17,16.6,12,82,,-8.8
2003-07-16,15.2,11,81.9,,-10.1
2003-07-15,19,12.1,82,,-11.2
2003-07-14,11.3,0.2,82.1,,-43.3
2003-07-11,9.3,-2,82.4,,-46.9
2003-07-10,10.4,-4.2,80.9,,-47.9
2003-07-09,10.2,-3.8,79.1,,-48.9
2003-07-08,12.6,-2.1,79.2,,-49.8
2003-07-07,15.4,-1.9,61.5,,-44.3
2003-07-03,20.4,2.1,58.6,,-32.1
2003-07-02,15.9,-1.2,58.3,,-32.5
2003-07-01,15.4,-1.6,58.3,,-32.9
2003-06-30,17.9,-5.3,25.2,,-33.3
2003-06-27,14.7,-9.8,22.8,,-39.8
2003-06-26,12.4,-12.6,4.9,,-40.4
2003-06-25,21.5,-3.1,3.9,,-21.9
2003-06-24,16.5,-7.9,4.3,,-30.8
2003-06-23,13.8,-9.5,4.3,,-32.2
2003-06-20,12.3,-11.9,5.3,,-39.6
2003-06-19,12,-12.8,1.3,,-41
2003-06-18,12.3,-12.1,1.7,,-42.3
2003-06-17,11.6,-12,1.9,,-41
2003-06-16,3,-16,2.1,,-43.6
2003-06-13,-3,-17.6,2.5,,-41.3
2003-06-12,-5,-17.5,2.5,,-40.9
2003-06-11,-3.6,-16.4,7,,-40.6
2003-06-10,-4.2,-15.9,-2.8,,-36.3
2003-06-09,-7.5,-19.6,-7.3,,-36.2
2003-06-06,-8.9,-18.6,0,,-35.7
2003-06-05,-10.7,-18.2,1.1,,-35.6
2003-06-04,-11.1,-19.1,2.1,,-41.1
2003-06-03,-21.8,-23.4,2.9,,-41.1
2003-06-02,-25.2,-24.4,3.6,,-41.1
2003-05-30,-34.1,-26.8,5.3,,-38.2
2003-05-29,-39.7,-29,5.7,,-38.3
2003-05-28,-43.2,-29.7,6.1,,-38.4
2003-05-27,-41.5,-33.9,7.9,,-55.5
2003-05-23,-50.8,-37.8,11.4,,-58.3
2003-05-22,-52.9,-39,8.7,,-58.3
2003-05-21,-54.6,-38,9.3,,-56.7
2003-05-20,-56.7,-38.1,9.2,,-55.4
2003-05-19,-63.2,-40.2,9.4,,-54.3
2003-05-16,-73.7,-43.4,10,,-49.9
2003-05-15,-74.3,-43.4,9.7,,-48.8
2003-05-14,-78.4,-44.8,9.9,,-45
2003-05-13,-58.9,-37.3,11.4,,-44.2
2003-05-12,-45.1,-31.1,14.2,,-46.5
2003-05-09,-45.6,-30.6,9.7,,-45.9
2003-05-08,-46.1,-27.9,11.5,,-42
2003-05-07,-46.6,-27.3,13.1,,-42
2003-05-06,-45.3,-20.6,14.5,,-23
2003-05-05,-44.7,-21.1,15.7,,-25.8
2003-05-02,-47.6,-22.9,18.8,,-29.1
2003-05-01,-47.4,-22.8,19.7,,-29.7
2003-04-30,-41.9,-21.3,20.5,,-30.2
2003-04-29,-39.7,-17.8,45.9,,-32.9
2003-04-28,-57.8,-21.2,46.6,,-15.6
2003-04-25,-58.1,-12.9,47.5,,11.7
2003-04-24,-74.3,-18.8,51.1,,10.7
2003-04-23,-76.9,-16.7,52.2,,20.7
2003-04-22,-77.1,-18.4,52.6,,16
2003-04-21,-77.4,-18,52.4,,16.6
2003-04-17,-77.2,-15.6,51.5,,24.6
2003-04-16,-77.2,-15.2,51.7,,25.8
2003-04-15,-77.2,-13.8,53.3,,26.8
2003-04-14,-71.8,-10.1,54.3,,30.4
2003-04-11,-76.4,-10.7,53.6,,34.3
2003-04-10,-94.7,-17.8,53.6,,35.9
2003-04-09,-104.2,-19.9,51.9,,37.2
2003-04-08,-107.2,-19.2,62.2,,37.3
2003-04-07,-109.3,-19.8,62.3,,38.2
2003-04-04,-113.9,-21.6,62.9,,41.6
2003-04-03,-107.8,-18.4,61.7,,42.4
2003-04-02,-100.7,-15.1,61.9,,43.2
2003-04-01,-101.7,-15.6,62.1,,43.9
2003-03-31,-91.7,-10.8,62.3,,44.6
2003-03-28,-91,-7.4,76.3,,49.1
2003-03-27,-93.8,-11.1,68.6,,43.8
2003-03-26,-94.6,-8.3,68.8,,54.5
2003-03-25,-91.3,-1.9,66.2,,71.8
2003-03-24,-92.4,-1,64.7,,77.1
2003-03-21,-94.1,-2.7,54.2,,81.1
2003-03-20,-91,-5.8,53.7,,66.8
2003-03-19,-87.6,-3.2,53.3,,67.8
2003-03-18,-88.1,-3.4,53,,67.4
2003-03-17,-85.6,-6.7,52.8,,57.8
2003-03-14,-83.9,-5.4,52.2,,59.1
2003-03-13,-82.7,-5.6,44.8,,59.6
2003-03-12,-64.2,1.5,44.6,,60
2003-03-11,-75.4,-6.1,21.3,,60.4
2003-03-10,-74.3,-6.5,25,,58.9
2003-03-07,-73,-6.8,24,,57.6
2003-03-06,-39.3,5.4,24,,56.5
2003-03-05,-39,5.2,24,,55.8
2003-03-04,-41.3,5.3,23.9,,55.4
2003-03-03,-42.1,6,23.9,,55.8
2003-02-28,-37.5,7.3,23.7,,56.3
2003-02-27,-49.6,1.8,14.7,,58.4
2003-02-26,-44.8,0.2,14.6,,49.3
2003-02-25,-45.1,-0.5,12.9,,48
2003-02-24,-24.1,-0.2,11.9,,19.9
2003-02-21,-21.1,2.1,10.1,,22.9
2003-02-20,-17,4.5,12.9,,23.5
2003-02-19,15.1,19.8,12.5,,24.1
2003-02-18,13.4,19,12.2,,24.5
2003-02-14,17.6,19.4,11.2,,18.7
2003-02-13,15.2,14.7,-18.1,,19.1
2003-02-12,-1.8,5.9,-18.3,,19.4
2003-02-11,-1.3,4.9,-31.2,,19.8
2003-02-10,0.4,5.8,-31.5,,20.1
2003-02-07,2.8,6.9,-27.4,,21.7
2003-02-06,-9,2.4,-25.7,,20.2
2003-02-05,-8.6,8.2,-24.4,,38.2
2003-02-04,-9.3,7.9,-23.5,,36.7
2003-02-03,-8.9,8.1,-22.7,,35.7
2003-01-31,-7.9,7.2,-21,,29.9
