,Asset_prc,LongShort,LongOnly,ShortOnly
2004-11-16,113.3,0,0,0
2004-11-17,114.61,0,0,0
2004-11-18,113.33,-0.01116831,-0.01116831,0
2004-11-19,112.07,-0.011117974,-0.011117974,0
2004-11-22,109.83,-0.019987508,-0.019987508,0
2004-11-23,111.18,0.012291724,0.012291724,0
2004-11-24,112.74,0.014031301,0.014031301,0
2004-11-25,112.59,-0.001330495,-0.001330495,0
2004-11-26,110.68,-0.016964206,-0.016964206,0
2004-11-29,111.62,0.008492953,0.008492953,0
2004-11-30,113.4,0.015946963,0.015946963,0
2004-12-01,113.09,-0.002733686,-0.002733686,0
2004-12-02,114.06,0.008577239,0.008577239,0
2004-12-03,113.96,-0.000876732,-0.000876732,0
2004-12-06,112.37,-0.013952264,-0.013952264,0
2004-12-07,111.01,0,0,0
2004-12-08,112.16,-0.010359427,0,-0.010359427
2004-12-09,110.88,0.011412268,0,0.011412268
2004-12-10,108.57,0.020833333,0,0.020833333
2004-12-13,108.36,0.001934236,0,0.001934236
2004-12-14,109.38,-0.009413068,0,-0.009413068
2004-12-15,111.87,-0.022764674,0,-0.022764674
2004-12-16,112.51,-0.005720926,0,-0.005720926
2004-12-17,112.63,-0.001066572,0,-0.001066572
2004-12-20,113.45,-0.007280476,0,-0.007280476
2004-12-21,113.51,0,0,0
2004-12-22,113.66,0,0,0
2004-12-23,112.54,0.00985395,0,0.00985395
2004-12-24,113.15,-0.005420295,0,-0.005420295
2004-12-27,113,0.001325674,0,0.001325674
2004-12-28,113.25,-0.002212389,0,-0.002212389
2004-12-29,113.84,-0.005209713,0,-0.005209713
2004-12-30,115.25,-0.012385805,0,-0.012385805
2005-01-03,115.36,0,0,0
2005-01-04,114.77,-0.005114424,-0.005114424,0
2005-01-05,114.65,-0.001045569,-0.001045569,0
2005-01-06,112.94,-0.014914959,-0.014914959,0
2005-01-07,112.71,-0.00203648,-0.00203648,0
2005-01-10,113.27,0.004968503,0.004968503,0
2005-01-11,114.66,0.012271564,0.012271564,0
2005-01-12,114.09,-0.004971219,-0.004971219,0
2005-01-13,115.01,0.008063809,0.008063809,0
2005-01-14,117.82,0.024432658,0.024432658,0
2005-01-17,119.91,0.017738924,0.017738924,0
2005-01-18,119.5,-0.003419231,-0.003419231,0
2005-01-19,118.9,-0.005020921,-0.005020921,0
2005-01-20,118.02,-0.007401177,-0.007401177,0
2005-01-21,119.4,0,0,0
2005-01-24,119.83,0,0,0
2005-01-25,118.91,0,0,0
2005-01-26,120.51,0,0,0
2005-01-27,120.16,0,0,0
2005-01-28,119.65,0,0,0
2005-01-31,121.06,0,0,0
2005-02-01,120,0,0,0
2005-02-02,119.74,0,0,0
2005-02-03,120.64,0,0,0
2005-02-04,121.3,0,0,0
2005-02-07,123.2,0,0,0
2005-02-11,122.84,0.002922078,0,0.002922078
2005-02-14,124.94,-0.017095409,0,-0.017095409
2005-02-15,125.48,-0.004322075,0,-0.004322075
2005-02-16,125.85,-0.002948677,0,-0.002948677
2005-02-17,125.93,-0.000635677,0,-0.000635677
2005-02-18,127.43,0,0,0
2005-02-21,128.09,0,0,0
2005-02-22,126.74,0,0,0
2005-02-23,125.53,0.009547104,0,0.009547104
2005-02-24,127.81,-0.018162989,0,-0.018162989
2005-02-25,129.13,-0.01032783,0,-0.01032783
2005-02-28,130.85,-0.01331991,0,-0.01331991
2005-03-02,130.14,0.00542606,0,0.00542606
2005-03-03,130.61,-0.003611495,0,-0.003611495
2005-03-04,130.61,0,0,0
2005-03-07,130.11,0.003828191,0,0.003828191
2005-03-08,129.21,0.006917224,0,0.006917224
2005-03-09,130.26,-0.008126306,0,-0.008126306
2005-03-10,128.76,0.011515431,0,0.011515431
2005-03-11,131.97,-0.024930103,0,-0.024930103
2005-03-14,131.47,0.00378874,0,0.00378874
2005-03-15,127.95,0.026774169,0,0.026774169
2005-03-16,128.17,-0.001719422,0,-0.001719422
2005-03-17,126.68,0.011625185,0,0.011625185
2005-03-18,126.82,0,0,0
2005-03-21,126.84,0,0,0
2005-03-22,126.87,0,0,0
2005-03-23,125.16,0,0,0
2005-03-24,123.8,0,0,0
2005-03-25,125.07,0,0,0
2005-03-28,126.72,0,0,0
2005-03-29,124.13,0,0,0
2005-03-30,123.49,0,0,0
2005-03-31,124.78,0,0,0
2005-04-01,126.88,0,0,0
2005-04-04,127.22,0,0,0
2005-04-06,127.85,0,0,0
2005-04-07,127.92,0.000547517,0.000547517,0
2005-04-08,128.44,0.004065041,0.004065041,0
2005-04-11,127.59,-0.006617876,-0.006617876,0
2005-04-12,127.24,-0.002743162,-0.002743162,0
2005-04-13,127.28,0.000314367,0.000314367,0
2005-04-14,123.29,-0.031348209,-0.031348209,0
2005-04-15,122.41,-0.007137643,-0.007137643,0
2005-04-18,119.76,0,0,0
2005-04-19,120.5,-0.006179025,0,-0.006179025
2005-04-20,121.05,-0.004564315,0,-0.004564315
2005-04-21,121.31,-0.002147873,0,-0.002147873
2005-04-22,121.36,-0.000412167,0,-0.000412167
2005-04-25,122.08,-0.005932762,0,-0.005932762
2005-04-26,121.92,0.001310616,0,0.001310616
2005-04-27,119.96,0.016076115,0,0.016076115
2005-04-28,118.36,0.013337779,0,0.013337779
2005-04-29,117.58,0.006590064,0,0.006590064
2005-05-02,118.46,-0.007484266,0,-0.007484266
2005-05-03,117.89,0.004811751,0,0.004811751
2005-05-04,119.95,-0.017473916,0,-0.017473916
2005-05-06,121.26,-0.010921217,0,-0.010921217
2005-05-09,120.48,0.006432459,0,0.006432459
2005-05-10,120.4,0,0,0
2005-05-11,119.02,0,0,0
2005-05-12,118.69,0,0,0
2005-05-13,118.87,0,0,0
2005-05-16,119.65,0,0,0
2005-05-17,119.51,0,0,0
2005-05-18,120.08,0.004769475,0.004769475,0
2005-05-19,123.04,0.024650233,0.024650233,0
2005-05-20,123.02,-0.000162549,-0.000162549,0
2005-05-23,122.87,-0.001219314,-0.001219314,0
2005-05-24,122.91,0.000325547,0.000325547,0
2005-05-25,121.37,-0.012529493,-0.012529493,0
2005-05-26,121.7,0.002718959,0.002718959,0
2005-05-27,123.89,0.01799507,0.01799507,0
2005-05-30,124.64,0.006053757,0.006053757,0
2005-05-31,124.84,0.001604621,0.001604621,0
2005-06-01,124.9,0.000480615,0.000480615,0
2005-06-02,125.04,0.001120897,0.001120897,0
2005-06-03,125.7,0.005278311,0.005278311,0
2005-06-07,124.79,-0.007239459,-0.007239459,0
2005-06-08,125.62,0.006651174,0.006651174,0
2005-06-09,127.22,0.012736825,0.012736825,0
2005-06-10,127.68,0.003615784,0.003615784,0
2005-06-13,127.65,-0.000234962,-0.000234962,0
2005-06-14,126.9,-0.005875441,-0.005875441,0
2005-06-15,129.27,0.018676123,0.018676123,0
2005-06-16,129.27,0,0,0
2005-06-17,129.33,0.000464145,0.000464145,0
2005-06-20,128.17,-0.008969303,-0.008969303,0
2005-06-21,127.66,-0.00397909,-0.00397909,0
2005-06-22,129.24,0.012376625,0.012376625,0
2005-06-23,130.39,0.008898174,0.008898174,0
2005-06-24,129.08,0,0,0
2005-06-27,127.45,-0.012627828,-0.012627828,0
2005-06-28,127.92,0,0,0
2005-06-29,128.41,0,0,0
2005-06-30,129.43,0,0,0
2005-07-01,130.59,0,0,0
2005-07-04,130.95,-0.00275672,0,-0.00275672
2005-07-05,130.54,0.003130966,0,0.003130966
2005-07-06,130.65,-0.000842654,0,-0.000842654
2005-07-07,131.72,-0.00818982,0,-0.00818982
2005-07-08,131.28,0.003340419,0,0.003340419
2005-07-11,133.88,-0.019804997,0,-0.019804997
2005-07-12,134.26,-0.002838363,0,-0.002838363
2005-07-13,135.25,-0.007373752,0,-0.007373752
2005-07-14,136.98,-0.012791128,0,-0.012791128
2005-07-15,136.48,0.003650168,0,0.003650168
2005-07-18,136.78,-0.002198124,0,-0.002198124
2005-07-19,138.66,0,0,0
2005-07-20,138.57,0,0,0
2005-07-21,138.62,0,0,0
2005-07-22,138.37,0,0,0
2005-07-25,140.55,0,0,0
2005-07-26,140.53,0,0,0
2005-07-27,140.73,0,0,0
2005-07-28,142.38,0,0,0
2005-07-29,143.32,0,0,0
2005-08-01,143.96,0,0,0
2005-08-02,144.3,0,0,0
2005-08-03,144.21,0,0,0
2005-08-04,143.52,0,0,0
2005-08-05,140.7,0.019648829,0,0.019648829
2005-08-08,140.49,0.001492537,0,0.001492537
2005-08-09,142.11,-0.01153107,0,-0.01153107
2005-08-10,142.7,0,0,0
2005-08-11,145.35,0,0,0
2005-08-12,146.04,-0.004747162,0,-0.004747162
2005-08-16,144.3,0,0,0
2005-08-17,143.87,0.002979903,0,0.002979903
2005-08-18,141.16,0.01883645,0,0.01883645
2005-08-19,140.68,0.003400397,0,0.003400397
2005-08-22,144.4,-0.026442991,0,-0.026442991
2005-08-23,144.27,0.000900277,0,0.000900277
2005-08-24,141.27,0,0,0
2005-08-25,141.75,0,0,0
2005-08-26,140.36,0,0,0
2005-08-29,137.42,0,0,0
2005-08-30,138.68,-0.009168971,0,-0.009168971
2005-08-31,140.09,-0.010167292,0,-0.010167292
2005-09-01,143.13,-0.021700335,0,-0.021700335
2005-09-02,144.3,-0.008174387,0,-0.008174387
2005-09-05,144.06,0.001663202,0,0.001663202
2005-09-06,145.21,-0.007982785,0,-0.007982785
2005-09-07,147.95,-0.018869224,0,-0.018869224
2005-09-08,148.41,0,0,0
2005-09-09,149.34,-0.006266424,0,-0.006266424
2005-09-12,150.13,0.005289942,0.005289942,0
2005-09-13,150.29,0.001065743,0.001065743,0
2005-09-14,152.03,0,0,0
2005-09-15,151.99,0.000263106,0,0.000263106
2005-09-16,152.55,0.003684453,0.003684453,0
2005-09-20,154.69,0.014028187,0.014028187,0
2005-09-21,155.34,0.004201952,0.004201952,0
2005-09-22,155.71,0.002381872,0.002381872,0
2005-09-23,152.39,-0.021321688,-0.021321688,0
2005-09-26,156.39,0.026248441,0.026248441,0
2005-09-27,156.52,0,0,0
2005-09-28,158.88,0,0,0
2005-09-29,159.06,0,0,0
2005-09-30,157.55,0,0,0
2005-10-04,160.43,0,0,0
2005-10-05,158.1,0,0,0
2005-10-06,154.65,0,0,0
2005-10-07,154.4,0,0,0
2005-10-10,157.82,0,0,0
2005-10-11,160.06,0,0,0
2005-10-12,156.33,0,0,0
2005-10-13,152.85,0,0,0
2005-10-14,152.48,0,0,0
2005-10-17,150.85,0.010689927,0,0.010689927
2005-10-18,152.26,-0.009347033,0,-0.009347033
2005-10-19,148.11,0.027256009,0,0.027256009
2005-10-20,149.41,-0.00877726,0,-0.00877726
2005-10-21,152.22,-0.018807309,0,-0.018807309
2005-10-24,152.27,-0.000328472,0,-0.000328472
2005-10-25,151.76,0.003349314,0,0.003349314
2005-10-26,151.45,0.002042699,0,0.002042699
2005-10-27,149.88,0.010366458,0,0.010366458
2005-10-28,146.55,0.022217774,0,0.022217774
2005-10-31,148.84,0,0,0
2005-11-01,152.98,-0.027815103,0,-0.027815103
2005-11-02,155.6,-0.017126422,0,-0.017126422
2005-11-03,156.89,-0.008290488,0,-0.008290488
2005-11-04,157.28,-0.002485818,0,-0.002485818
2005-11-07,156.75,-0.003369786,-0.003369786,0
2005-11-08,157.72,0.006188198,0.006188198,0
2005-11-09,157.87,0.000951052,0.000951052,0
2005-11-10,158.69,0.005194147,0.005194147,0
2005-11-11,161.81,0.019660974,0.019660974,0
2005-11-14,162.02,0.001297818,0.001297818,0
2005-11-15,161.49,-0.003271201,-0.003271201,0
2005-11-16,163.24,0.010836584,0.010836584,0
2005-11-17,163.38,0.000857633,0.000857633,0
2005-11-18,163.74,0.002203452,0.002203452,0
2005-11-21,163.1,-0.003908636,-0.003908636,0
2005-11-22,159.68,-0.020968731,-0.020968731,0
2005-11-23,164.47,0.029997495,0.029997495,0
2005-11-24,165.56,0.006627348,0.006627348,0
2005-11-25,165.51,-0.000302005,-0.000302005,0
2005-11-28,165.52,6.04193E-05,6.04193E-05,0
2005-11-29,163.7,-0.01099565,-0.01099565,0
2005-11-30,165.95,0.013744655,0.013744655,0
2005-12-01,166.97,0.00614643,0.00614643,0
2005-12-02,167.56,0.003533569,0.003533569,0
2005-12-05,168.23,0.003998568,0.003998568,0
2005-12-06,169.24,-0.006003685,0,-0.006003685
2005-12-07,170.21,-0.005731506,0,-0.005731506
2005-12-08,170.13,0,0,0
2005-12-09,169.16,0.005701522,0,0.005701522
2005-12-12,171.35,-0.012946323,0,-0.012946323
2005-12-13,171.65,-0.001750802,0,-0.001750802
2005-12-14,171.15,0.002912904,0,0.002912904
2005-12-15,171.56,0,0,0
2005-12-16,169.45,0.012298904,0,0.012298904
2005-12-19,171.91,-0.014517557,0,-0.014517557
2005-12-20,172.05,-0.00081438,0,-0.00081438
2005-12-21,173.95,-0.011043301,0,-0.011043301
2005-12-22,173.89,0.000344927,0,0.000344927
2005-12-23,175.11,-0.00701593,0,-0.00701593
2005-12-26,176.27,-0.006624408,0,-0.006624408
2005-12-27,177.2,-0.005275997,0,-0.005275997
2005-12-28,176.16,0.005869074,0,0.005869074
2005-12-29,177.43,-0.007209355,0,-0.007209355
2006-01-02,178.29,-0.004846982,0,-0.004846982
2006-01-03,178.81,-0.002916597,0,-0.002916597
2006-01-04,179.91,-0.006151781,0,-0.006151781
2006-01-05,178.82,0.006058585,0,0.006058585
2006-01-06,180.87,-0.011464042,0,-0.011464042
2006-01-09,180.3,0.003151435,0,0.003151435
2006-01-10,178.98,0,0,0
2006-01-11,178.67,0,0,0
2006-01-12,179.65,0,0,0
2006-01-13,181.71,0,0,0
2006-01-16,182.39,0,0,0
2006-01-17,178.27,0,0,0
2006-01-18,173.81,0,0,0
2006-01-19,174.93,0,0,0
2006-01-20,170.6,0.024752758,0,0.024752758
2006-01-23,168.04,0,0,0
2006-01-24,171.79,0,0,0
2006-01-25,173.52,0.010070435,0.010070435,0
2006-01-26,174.71,0.006857999,0.006857999,0
2006-01-27,178.64,0.022494419,0.022494419,0
2006-01-31,180.65,0.011251679,0.011251679,0
2006-02-01,178.07,-0.01428176,-0.01428176,0
2006-02-02,177.92,-0.000842365,-0.000842365,0
2006-02-03,172.67,-0.029507644,-0.029507644,0
2006-02-06,173.66,0.00573348,0.00573348,0
2006-02-07,172.39,0,0,0
2006-02-08,169.44,0,0,0
2006-02-09,170.93,0,0,0
2006-02-10,172.68,0.010238109,0.010238109,0
2006-02-13,170.61,0,0,0
2006-02-14,171.65,0,0,0
2006-02-15,168.31,0.0194582,0,0.0194582
2006-02-16,169.8,-0.008852712,0,-0.008852712
2006-02-17,172.4,-0.015312132,0,-0.015312132
2006-02-20,174.28,-0.010904872,0,-0.010904872
2006-02-21,174.04,0.001377094,0,0.001377094
2006-02-22,173.26,0.004481728,0,0.004481728
2006-02-23,176.18,-0.016853284,0,-0.016853284
2006-02-24,176.96,-0.00442729,0,-0.00442729
2006-02-27,178.1,-0.006442134,0,-0.006442134
2006-02-28,177.45,0,0,0
2006-03-02,176.85,0,0,0
2006-03-03,171.67,0,0,0
2006-03-06,173.86,0,0,0
2006-03-07,170.13,0,0,0
2006-03-08,169.76,0,0,0
2006-03-09,169.17,-0.003475495,-0.003475495,0
2006-03-10,170.37,0,0,0
2006-03-13,172.82,0.014380466,0.014380466,0
2006-03-14,171.1,0,0,0
2006-03-15,172.28,0,0,0
2006-03-16,172.66,-0.002205712,0,-0.002205712
2006-03-17,173.48,0,0,0
2006-03-20,174.26,0,0,0
2006-03-21,172.87,0,0,0
2006-03-22,169.28,0,0,0
2006-03-23,169.68,-0.002362949,0,-0.002362949
2006-03-24,170.86,-0.006954267,0,-0.006954267
2006-03-27,172.44,-0.009247337,0,-0.009247337
2006-03-28,172.77,0,0,0
2006-03-29,172.96,0,0,0
2006-03-30,173.61,0.003758094,0.003758094,0
2006-03-31,176.21,0.014976096,0.014976096,0
2006-04-03,178.89,0.015209125,0.015209125,0
2006-04-04,179.77,0.004919224,0.004919224,0
2006-04-05,179.97,0.001112533,0.001112533,0
2006-04-06,181.1,0.006278824,0.006278824,0
2006-04-07,181.97,0.004803976,0.004803976,0
2006-04-10,181.31,-0.003626971,-0.003626971,0
2006-04-11,179.61,-0.009376206,-0.009376206,0
2006-04-12,179.13,-0.002672457,-0.002672457,0
2006-04-13,181.91,0.015519455,0.015519455,0
2006-04-14,185.67,0.020669562,0.020669562,0
2006-04-17,184.3,-0.007378683,-0.007378683,0
2006-04-18,184.9,0.003255562,0.003255562,0
2006-04-19,186.34,0.007787994,0.007787994,0
2006-04-20,185.86,-0.002575936,-0.002575936,0
2006-04-21,188.2,0.012590122,0.012590122,0
2006-04-24,185.41,-0.014824655,-0.014824655,0
2006-04-25,185.54,0.000701149,0.000701149,0
2006-04-26,188.34,0,0,0
2006-04-27,188.4,0.000318573,0.000318573,0
2006-04-28,184.1,0,0,0
2006-05-02,186.17,0,0,0
2006-05-03,186.03,0.000752001,0,0.000752001
2006-05-04,186.98,-0.005106703,0,-0.005106703
2006-05-08,188.79,-0.00968018,0,-0.00968018
2006-05-09,188.51,0.001483129,0,0.001483129
2006-05-10,188.62,-0.000583523,0,-0.000583523
2006-05-11,190.2,-0.00837663,0,-0.00837663
2006-05-12,187.27,0.015404837,0,0.015404837
2006-05-15,183.08,0.022374112,0,0.022374112
2006-05-16,179,0.02228534,0,0.02228534
2006-05-17,181.69,-0.015027933,0,-0.015027933
2006-05-18,177.18,0.0248225,0,0.0248225
2006-05-19,177.94,-0.004289423,0,-0.004289423
2006-05-22,173.6,0.024390244,0,0.024390244
2006-05-23,172.78,0.004723502,0,0.004723502
2006-05-24,173.36,-0.00335687,0,-0.00335687
2006-05-25,168.33,0.029014767,0,0.029014767
2006-05-26,171.83,-0.020792491,0,-0.020792491
2006-05-29,172.64,-0.004713961,0,-0.004713961
2006-05-30,171.01,0.009441613,0,0.009441613
2006-06-01,168.03,0.017425882,0,0.017425882
2006-06-02,169.85,-0.010831399,0,-0.010831399
2006-06-05,168.83,0.006005299,0,0.006005299
2006-06-07,164.17,0.02760173,0,0.02760173
2006-06-08,158.11,0.036912956,0,0.036912956
2006-06-09,159.61,0.009487066,0.009487066,0
2006-06-12,160.05,0,0,0
2006-06-13,155.43,0,0,0
2006-06-14,157.7,0.014604645,0.014604645,0
2006-06-15,157.36,0,0,0
2006-06-16,163.05,0.036159126,0.036159126,0
2006-06-19,161.79,0,0,0
2006-06-20,158.48,0,0,0
2006-06-21,158.63,0,0,0
2006-06-22,160.2,0,0,0
2006-06-23,158.88,0,0,0
2006-06-26,160.18,0.008182276,0.008182276,0
2006-06-27,161.36,0,0,0
2006-06-28,160.18,0.007312841,0,0.007312841
2006-06-29,163.3,0,0,0
2006-06-30,167.45,0,0,0
2006-07-03,167.33,-0.000716632,-0.000716632,0
2006-07-04,166.15,-0.007051933,-0.007051933,0
2006-07-05,165.51,-0.003851941,-0.003851941,0
2006-07-06,163.47,-0.012325539,-0.012325539,0
2006-07-07,164.7,0.007524316,0.007524316,0
2006-07-10,168.27,0.021675774,0.021675774,0
2006-07-11,168.45,0.001069709,0.001069709,0
2006-07-12,167.93,-0.003086969,-0.003086969,0
2006-07-13,166.35,-0.009408682,-0.009408682,0
2006-07-14,162.33,-0.024165915,-0.024165915,0
2006-07-18,159.69,-0.016263168,-0.016263168,0
2006-07-19,159.76,0.000438349,0.000438349,0
2006-07-20,165.11,0.033487732,0.033487732,0
2006-07-21,165,-0.000666223,-0.000666223,0
2006-07-24,163.93,-0.006484848,-0.006484848,0
2006-07-25,166.25,0.014152382,0.014152382,0
2006-07-26,166.1,0.000902256,0,0.000902256
2006-07-27,168.52,0,0,0
2006-07-28,168.54,0.00011868,0.00011868,0
2006-07-31,168.51,-0.000177999,-0.000177999,0
2006-08-01,167.14,-0.008130081,-0.008130081,0
2006-08-02,168.27,0.006760799,0.006760799,0
2006-08-03,167.94,-0.001961134,-0.001961134,0
2006-08-04,169.68,0.010360843,0.010360843,0
2006-08-07,167.61,-0.012199434,-0.012199434,0
2006-08-08,170.68,0.01831633,0.01831633,0
2006-08-09,171.11,0.002519334,0.002519334,0
2006-08-10,169.44,-0.009759804,-0.009759804,0
2006-08-11,167.65,-0.010564212,-0.010564212,0
2006-08-14,168.19,0.003220996,0.003220996,0
2006-08-16,171.01,0.016766752,0.016766752,0
2006-08-17,172.65,0.009590082,0.009590082,0
2006-08-18,173.17,0.003011874,0.003011874,0
2006-08-21,171.96,-0.006987353,-0.006987353,0
2006-08-22,173.81,0.010758316,0.010758316,0
2006-08-23,172.33,-0.008515045,-0.008515045,0
2006-08-24,171.08,-0.007253525,-0.007253525,0
2006-08-25,172.92,0,0,0
2006-08-28,172.64,0.001619246,0,0.001619246
2006-08-29,174.79,0,0,0
2006-08-30,174.16,0,0,0
2006-08-31,175.44,0.007349564,0.007349564,0
2006-09-01,175.99,0,0,0
2006-09-04,176.32,0,0,0
2006-09-05,176.75,0.002438748,0.002438748,0
2006-09-06,176.19,-0.003168317,-0.003168317,0
2006-09-07,175.43,0,0,0
2006-09-08,175.78,0,0,0
2006-09-11,173,0,0,0
2006-09-12,172.28,0,0,0
2006-09-13,172.93,0,0,0
2006-09-14,176.35,-0.019776788,0,-0.019776788
2006-09-15,176.51,-0.000907287,0,-0.000907287
2006-09-18,178.28,0,0,0
2006-09-19,178.32,0,0,0
2006-09-20,177.34,0,0,0
2006-09-21,177.31,0.000169167,0,0.000169167
2006-09-22,175,0,0,0
2006-09-25,176.03,-0.005885714,0,-0.005885714
2006-09-26,174.58,0.008237232,0,0.008237232
2006-09-27,176.74,-0.012372551,0,-0.012372551
2006-09-28,178.21,-0.008317302,0,-0.008317302
2006-09-29,178.05,0,0,0
2006-10-02,178.46,0,0,0
2006-10-04,175.48,0,0,0
2006-10-09,171.78,0,0,0
2006-10-10,172.78,0.005821399,0.005821399,0
2006-10-11,172.51,-0.001562681,-0.001562681,0
2006-10-12,173.1,0.003420092,0.003420092,0
2006-10-13,175.42,0.013402657,0.013402657,0
2006-10-16,176.51,0,0,0
2006-10-17,175.85,-0.003739165,-0.003739165,0
2006-10-18,176.19,0.001933466,0.001933466,0
2006-10-19,176.11,-0.000454055,-0.000454055,0
2006-10-20,177.35,0.007041054,0.007041054,0
2006-10-23,177.36,5.63857E-05,5.63857E-05,0
2006-10-24,177.49,0.000732972,0.000732972,0
2006-10-25,178.2,0.004000225,0.004000225,0
2006-10-26,178.53,0,0,0
2006-10-27,177.85,0,0,0
2006-10-30,175.99,0.010458251,0,0.010458251
2006-10-31,176.84,0.00482982,0.00482982,0
2006-11-01,177.94,-0.006220312,0,-0.006220312
2006-11-02,179.22,0,0,0
2006-11-03,179.14,0,0,0
2006-11-06,178.41,0,0,0
2006-11-07,179.45,0,0,0
2006-11-08,178.61,0.00468097,0,0.00468097
2006-11-09,181.31,0,0,0
2006-11-10,180.78,0.00292317,0,0.00292317
2006-11-13,180.93,-0.000829738,0,-0.000829738
2006-11-14,182.3,-0.007571989,0,-0.007571989
2006-11-15,182.9,-0.003291278,0,-0.003291278
2006-11-16,182.69,0,0,0
2006-11-17,182.94,-0.001368438,0,-0.001368438
2006-11-20,181.6,0.007324806,0,0.007324806
2006-11-21,182.06,-0.00253304,0,-0.00253304
2006-11-22,184.24,-0.011974074,0,-0.011974074
2006-11-23,183.77,0.00255102,0,0.00255102
2006-11-24,183.91,-0.000761822,0,-0.000761822
2006-11-27,184.27,-0.001957479,0,-0.001957479
2006-11-28,182.42,0.010039616,0,0.010039616
2006-11-29,183.8,0,0,0
2006-11-30,184.96,-0.006311208,0,-0.006311208
2006-12-01,185.28,0,0,0
2006-12-04,184.31,0.00523532,0,0.00523532
2006-12-05,183.53,0.004232,0,0.004232
2006-12-06,182.6,0,0,0
2006-12-07,182.19,0,0,0
2006-12-08,179.49,-0.014819694,-0.014819694,0
2006-12-11,179.5,5.57134E-05,5.57134E-05,0
2006-12-12,177.93,0,0,0
2006-12-13,178.75,0.004608554,0.004608554,0
2006-12-14,183.57,0.026965035,0.026965035,0
2006-12-15,183.82,0,0,0
2006-12-18,185.38,0.008486563,0.008486563,0
2006-12-19,184.63,0,0,0
2006-12-20,186.54,0,0,0
2006-12-21,185.81,0,0,0
2006-12-22,185.98,0,0,0
2006-12-26,185.62,0,0,0
2006-12-27,184.3,-0.007111303,-0.007111303,0
2006-12-28,185.39,0.00591427,0.00591427,0
2007-01-02,185.7,0.001672151,0.001672151,0
2007-01-03,182.13,-0.019224556,-0.019224556,0
2007-01-04,180.52,-0.00883984,-0.00883984,0
2007-01-05,179.1,-0.007866164,-0.007866164,0
2007-01-08,177.08,0,0,0
2007-01-09,177.52,-0.002484753,0,-0.002484753
2007-01-10,174.99,0.014251915,0,0.014251915
2007-01-11,176.26,-0.007257558,0,-0.007257558
2007-01-12,179.36,-0.017587655,0,-0.017587655
2007-01-15,179.82,-0.002564674,0,-0.002564674
2007-01-16,179.73,0.000500501,0,0.000500501
2007-01-17,178.5,0.006843599,0,0.006843599
2007-01-18,179.12,-0.003473389,0,-0.003473389
2007-01-19,176.23,0.016134435,0,0.016134435
2007-01-22,176.83,-0.003404642,0,-0.003404642
2007-01-23,176.9,-0.00039586,0,-0.00039586
2007-01-24,179.37,-0.013962691,0,-0.013962691
2007-01-25,179.12,0.001393767,0,0.001393767
2007-01-26,177.58,0.008597588,0,0.008597588
2007-01-29,176.41,0.00658858,0,0.00658858
2007-01-30,177.45,0,0,0
2007-01-31,175.99,0,0,0
2007-02-01,179.1,0,0,0
2007-02-02,183.2,0,0,0
2007-02-05,183.73,0,0,0
2007-02-06,185.09,0.007402166,0.007402166,0
2007-02-07,184.67,-0.002269166,-0.002269166,0
2007-02-08,184.25,-0.002274327,-0.002274327,0
2007-02-09,184.72,0.002550882,0.002550882,0
2007-02-12,182.8,-0.01039411,-0.01039411,0
2007-02-13,183.29,0.002680525,0.002680525,0
2007-02-14,185.72,0.013257679,0.013257679,0
2007-02-15,186.82,0.005922895,0.005922895,0
2007-02-16,187.57,0.004014559,0.004014559,0
2007-02-20,188.12,0.002932239,0.002932239,0
2007-02-21,187.9,-0.001169466,-0.001169466,0
2007-02-22,189.72,0.009686003,0.009686003,0
2007-02-23,190.19,0.002477335,0.002477335,0
2007-02-26,190.12,-0.000368053,-0.000368053,0
2007-02-27,188.15,-0.010361877,-0.010361877,0
2007-02-28,183.2,-0.026308796,-0.026308796,0
2007-03-02,182.78,-0.002292576,-0.002292576,0
2007-03-05,177.69,0,0,0
2007-03-06,181.23,0,0,0
2007-03-07,182.36,0,0,0
2007-03-08,183.94,-0.008664181,0,-0.008664181
2007-03-09,183.87,0.000380559,0,0.000380559
2007-03-12,186.36,-0.013542177,0,-0.013542177
2007-03-13,185.72,0.003434213,0,0.003434213
2007-03-14,181.81,0.021053198,0,0.021053198
2007-03-15,184.41,-0.014300644,0,-0.014300644
2007-03-16,184.42,-5.4227E-05,0,-5.4227E-05
2007-03-19,186.31,-0.010248346,0,-0.010248346
2007-03-20,186.34,-0.000161022,0,-0.000161022
2007-03-21,186.24,0.000536653,0,0.000536653
2007-03-22,187.15,-0.004886168,0,-0.004886168
2007-03-23,186.89,0.00138926,0,0.00138926
2007-03-26,187.19,-0.001605222,0,-0.001605222
2007-03-27,187.68,-0.002617661,0,-0.002617661
2007-03-28,185.96,0,0,0
2007-03-29,187.44,0,0,0
2007-03-30,187.6,0,0,0
2007-04-02,188.56,0.005117271,0.005117271,0
2007-04-03,189.12,0,0,0
2007-04-04,191.77,0,0,0
2007-04-05,191.41,-0.001877249,-0.001877249,0
2007-04-06,191.63,0.001149365,0.001149365,0
2007-04-09,193.85,0.011584825,0.011584825,0
2007-04-10,193.55,-0.001547588,-0.001547588,0
2007-04-11,195.27,0.008886593,0.008886593,0
2007-04-12,196.81,0.007886516,0.007886516,0
2007-04-13,195.85,-0.004877801,-0.004877801,0
2007-04-16,197.1,0.006382436,0.006382436,0
2007-04-17,196.57,-0.00268899,-0.00268899,0
2007-04-18,197.31,0.003764562,0.003764562,0
2007-04-19,194.59,-0.013785414,-0.013785414,0
2007-04-20,197.24,0.013618377,0.013618377,0
2007-04-23,198.62,0,0,0
2007-04-24,200.02,0.007048636,0.007048636,0
2007-04-25,198.43,-0.007949205,-0.007949205,0
2007-04-26,199.75,0.00665222,0.00665222,0
2007-04-27,198.28,-0.007359199,-0.007359199,0
2007-04-30,198.55,0,0,0
2007-05-02,199.86,0,0,0
2007-05-03,200.67,0,0,0
2007-05-04,201.56,0.004435142,0.004435142,0
2007-05-07,203.57,0,0,0
2007-05-08,203.51,0.000294739,0,0.000294739
2007-05-09,204.77,-0.006191342,0,-0.006191342
2007-05-10,205.51,-0.003613811,0,-0.003613811
2007-05-11,206.06,-0.002676269,0,-0.002676269
2007-05-14,206.28,-0.00106765,0,-0.00106765
2007-05-15,204.22,0.009986426,0,0.009986426
2007-05-16,205.62,-0.006855352,0,-0.006855352
2007-05-17,207.35,-0.008413578,0,-0.008413578
2007-05-18,206.69,0,0,0
2007-05-21,208.74,0,0,0
2007-05-22,210.69,0,0,0
2007-05-23,211.15,0,0,0
2007-05-25,210.54,0,0,0
2007-05-28,211.88,0,0,0
2007-05-29,212.06,-0.000849537,0,-0.000849537
2007-05-30,211.76,0.001414694,0,0.001414694
2007-05-31,216.45,-0.022147714,0,-0.022147714
2007-06-01,218.74,-0.010579811,0,-0.010579811
2007-06-04,221.9,-0.014446375,0,-0.014446375
2007-06-05,222.37,-0.002118071,0,-0.002118071
2007-06-07,223.17,0,0,0
2007-06-08,219.8,0,0,0
2007-06-11,218.39,0.006414923,0,0.006414923
2007-06-12,219.94,-0.007097395,0,-0.007097395
2007-06-13,218.59,0.006138038,0,0.006138038
2007-06-14,224.46,-0.026853927,0,-0.026853927
2007-06-15,224.61,-0.000668271,0,-0.000668271
2007-06-18,228.8,0,0,0
2007-06-19,229.04,0,0,0
2007-06-20,226.58,0,0,0
2007-06-21,227.81,-0.005428546,0,-0.005428546
2007-06-22,224.95,0,0,0
2007-06-25,223.4,-0.00689042,-0.00689042,0
2007-06-26,222.43,0,0,0
2007-06-27,220.35,0,0,0
2007-06-28,222.6,0,0,0
2007-06-29,221.31,0,0,0
2007-07-02,224.75,0,0,0
2007-07-03,229.29,0.020200222,0.020200222,0
2007-07-04,233.43,0.018055737,0.018055737,0
2007-07-05,234.75,0.0056548,0.0056548,0
2007-07-06,236.52,0.007539936,0.007539936,0
2007-07-09,239.68,0.013360392,0.013360392,0
2007-07-10,241.02,0.005590788,0.005590788,0
2007-07-11,240.46,-0.002323459,-0.002323459,0
2007-07-12,242.86,0.00998087,0.00998087,0
2007-07-13,250.19,0.030181998,0.030181998,0
2007-07-16,247.91,0,0,0
2007-07-18,244.92,-0.012060829,-0.012060829,0
2007-07-19,245.7,0.003184713,0.003184713,0
2007-07-20,251.45,0,0,0
2007-07-23,252.28,0.003300855,0.003300855,0
2007-07-24,252.61,0.00130807,0.00130807,0
2007-07-25,253.93,0.005225446,0.005225446,0
2007-07-26,248.75,-0.020399323,-0.020399323,0
2007-07-27,238.34,0,0,0
2007-07-30,241.39,0,0,0
2007-07-31,244.32,0,0,0
2007-08-01,234.36,0,0,0
2007-08-02,233.84,0,0,0
2007-08-03,236.91,0,0,0
2007-08-06,233.92,0,0,0
2007-08-07,234.5,0,0,0
2007-08-08,240.07,0,0,0
2007-08-09,241,0,0,0
2007-08-10,230.68,0,0,0
2007-08-13,233.88,-0.013872031,0,-0.013872031
2007-08-14,230.45,0.01466564,0,0.01466564
2007-08-16,215.67,0.064135387,0,0.064135387
2007-08-17,208.57,0.032920666,0,0.032920666
2007-08-20,219.72,0,0,0
2007-08-21,220.18,-0.002093574,0,-0.002093574
2007-08-22,223.24,0,0,0
2007-08-23,228.6,-0.024010034,0,-0.024010034
2007-08-24,227.18,0.006211724,0,0.006211724
2007-08-27,228.65,0.00647064,0.00647064,0
2007-08-28,232.38,0.016313142,0.016313142,0
2007-08-29,232.32,-0.000258198,-0.000258198,0
2007-08-30,234.22,0.008178375,0.008178375,0
2007-08-31,238.28,0.01733413,0.01733413,0
2007-09-03,238.72,0.001846567,0.001846567,0
2007-09-04,237.91,-0.003393097,-0.003393097,0
2007-09-05,236.61,-0.005464251,-0.005464251,0
2007-09-06,239.61,0.012679092,0.012679092,0
2007-09-07,238.92,-0.002879679,-0.002879679,0
2007-09-10,232.44,-0.027122049,-0.027122049,0
2007-09-11,234.12,0.007227672,0.007227672,0
2007-09-12,229.44,-0.019989749,-0.019989749,0
2007-09-13,233.86,0.019264296,0.019264296,0
2007-09-14,236.54,0.011459848,0.011459848,0
2007-09-17,236.72,0.000760971,0.000760971,0
2007-09-18,232.42,-0.018164921,-0.018164921,0
2007-09-19,241.08,0.037260133,0.037260133,0
2007-09-20,242.42,0.005558321,0.005558321,0
2007-09-21,243.45,0.004248824,0.004248824,0
2007-09-27,247.1,0.014992812,0.014992812,0
2007-09-28,247.2,0,0,0
2007-10-01,249.3,0.008495146,0.008495146,0
2007-10-02,256.8,0.030084236,0.030084236,0
2007-10-04,254.92,-0.007320872,-0.007320872,0
2007-10-05,253.63,-0.005060411,-0.005060411,0
2007-10-08,255.87,0.008831763,0.008831763,0
2007-10-09,256.19,0.001250635,0.001250635,0
2007-10-10,259.79,0.014052071,0.014052071,0
2007-10-11,261.82,0.007814004,0.007814004,0
2007-10-12,257.31,-0.017225575,-0.017225575,0
2007-10-15,257.68,0.001437954,0.001437954,0
2007-10-16,253.43,-0.016493325,-0.016493325,0
2007-10-17,250.48,-0.011640295,-0.011640295,0
2007-10-18,252.6,-0.00846375,0,-0.00846375
2007-10-19,248.35,0.01682502,0,0.01682502
2007-10-22,239.94,0.033863499,0,0.033863499
2007-10-23,244.9,-0.020671835,0,-0.020671835
2007-10-24,243.31,0.006492446,0,0.006492446
2007-10-25,248.8,-0.022563807,0,-0.022563807
2007-10-26,255.65,-0.027532154,0,-0.027532154
2007-10-29,260.4,-0.01858009,0,-0.01858009
2007-10-30,258.87,0.005875576,0,0.005875576
2007-10-31,260.42,-0.005987561,0,-0.005987561
2007-11-01,260.76,-0.001305583,0,-0.001305583
2007-11-02,254.74,0.023086363,0,0.023086363
2007-11-05,253.91,0.003258224,0,0.003258224
2007-11-06,259.24,-0.02099169,0,-0.02099169
2007-11-07,258.74,0.001928715,0,0.001928715
2007-11-08,249.97,0.03389503,0,0.03389503
2007-11-09,252.21,-0.008961075,0,-0.008961075
2007-11-12,243.89,0.032988383,0,0.032988383
2007-11-13,244.73,-0.003444176,0,-0.003444176
2007-11-14,250.21,-0.022392024,0,-0.022392024
2007-11-15,247.39,0.011270533,0,0.011270533
2007-11-16,244.13,0.013177574,0,0.013177574
2007-11-19,239.78,0.017818375,0,0.017818375
2007-11-20,236.91,0.011969305,0,0.011969305
2007-11-21,228.84,0.034063568,0,0.034063568
2007-11-22,228.1,0.0032337,0,0.0032337
2007-11-23,225.54,0.011223148,0,0.011223148
2007-11-26,236.01,-0.046421921,0,-0.046421921
2007-11-27,236.38,-0.00156773,0,-0.00156773
2007-11-28,232.87,0.014848972,0,0.014848972
2007-11-29,238.68,-0.024949543,0,-0.024949543
2007-11-30,241.91,-0.013532764,0,-0.013532764
2007-12-03,241.61,-0.001240131,-0.001240131,0
2007-12-04,244.04,0.010057531,0.010057531,0
2007-12-05,247.03,0.01225209,0.01225209,0
2007-12-06,249.63,0.010525037,0.010525037,0
2007-12-07,247.38,-0.00901334,-0.00901334,0
2007-12-10,244.25,-0.012652599,-0.012652599,0
2007-12-11,246.85,0.010644831,0.010644831,0
2007-12-12,247.15,0.001215313,0.001215313,0
2007-12-13,245.21,-0.007849484,-0.007849484,0
2007-12-14,241.5,-0.015129889,-0.015129889,0
2007-12-17,234.33,-0.029689441,-0.029689441,0
2007-12-18,236.65,0.009900568,0.009900568,0
2007-12-20,234.4,-0.009507712,-0.009507712,0
2007-12-21,239.6,0.0221843,0.0221843,0
2007-12-24,245.14,0.02312187,0.02312187,0
2007-12-26,243.48,-0.006771641,-0.006771641,0
2007-12-27,243.38,-0.000410711,-0.000410711,0
2007-12-28,241.27,-0.00866957,-0.00866957,0
2008-01-02,235.3,-0.024744063,-0.024744063,0
2008-01-03,234.67,-0.002677433,-0.002677433,0
2008-01-04,235.77,0.004687433,0.004687433,0
2008-01-07,231,0,0,0
2008-01-08,230.34,0.002857143,0,0.002857143
2008-01-09,232.53,-0.009507684,0,-0.009507684
2008-01-10,229.47,0.013159592,0,0.013159592
2008-01-11,224.41,0.022050813,0,0.022050813
2008-01-14,222.81,0.007129807,0,0.007129807
2008-01-15,220.91,0.008527445,0,0.008527445
2008-01-16,215.87,0.022814721,0,0.022814721
2008-01-17,218.83,-0.013711956,0,-0.013711956
2008-01-18,219.87,-0.004752548,0,-0.004752548
2008-01-21,213.6,0.028516851,0,0.028516851
2008-01-22,204.55,0.042368914,0,0.042368914
2008-01-23,207.23,-0.013101931,0,-0.013101931
2008-01-24,211.2,-0.019157458,0,-0.019157458
2008-01-25,215.06,0,0,0
2008-01-28,206.52,0,0,0
2008-01-29,208.8,0,0,0
2008-01-30,203.5,0,0,0
2008-01-31,207.77,0,0,0
2008-02-01,209.08,0,0,0
2008-02-04,216.23,0.034197436,0.034197436,0
2008-02-05,216.91,0.0031448,0.0031448,0
2008-02-11,208.92,-0.036835554,-0.036835554,0
2008-02-12,209.01,0.000430787,0.000430787,0
2008-02-13,207.56,-0.006937467,-0.006937467,0
2008-02-14,216.2,0.041626518,0.041626518,0
2008-02-15,215.38,-0.003792784,-0.003792784,0
2008-02-18,215.46,0.000371437,0.000371437,0
2008-02-19,218.37,0.013505987,0.013505987,0
2008-02-20,213.84,-0.020744608,-0.020744608,0
2008-02-21,216.38,0.01187804,0.01187804,0
2008-02-22,213.73,0,0,0
2008-02-25,217.07,0,0,0
2008-02-26,217.22,0,0,0
2008-02-27,218.87,0,0,0
2008-02-28,220.59,0,0,0
2008-02-29,216.85,0,0,0
2008-03-03,211.73,0,0,0
2008-03-04,212.14,0,0,0
2008-03-05,212.14,0,0,0
2008-03-06,214.92,0,0,0
2008-03-07,210.57,0,0,0
2008-03-10,206.29,0.020325782,0,0.020325782
2008-03-11,208.06,-0.008580154,0,-0.008580154
2008-03-12,210.49,-0.011679323,0,-0.011679323
2008-03-13,204.42,0.028837474,0,0.028837474
2008-03-14,202.63,0.008756482,0,0.008756482
2008-03-17,199.68,0.014558555,0,0.014558555
2008-03-18,201.79,-0.010566907,0,-0.010566907
2008-03-19,206.48,-0.023241984,0,-0.023241984
2008-03-20,206.62,-0.000678032,0,-0.000678032
2008-03-21,209.69,-0.014858194,0,-0.014858194
2008-03-24,211,-0.006247317,0,-0.006247317
2008-03-25,213.73,0,0,0
2008-03-26,214.41,0,0,0
2008-03-27,213.85,-0.002611818,-0.002611818,0
2008-03-28,217.22,0.015758709,0.015758709,0
2008-03-31,217.65,0,0,0
2008-04-01,217.81,0.000735125,0.000735125,0
2008-04-02,223.76,0.027317387,0.027317387,0
2008-04-03,226.99,0.014435109,0.014435109,0
2008-04-04,226.95,-0.000176219,-0.000176219,0
2008-04-07,227.79,0.003701256,0.003701256,0
2008-04-08,225.1,-0.011809122,-0.011809122,0
2008-04-10,226.44,0.00595291,0.00595291,0
2008-04-11,228.8,0.010422187,0.010422187,0
2008-04-14,224.54,-0.018618881,-0.018618881,0
2008-04-15,223.51,-0.004587156,-0.004587156,0
2008-04-16,225.36,0.008277035,0.008277035,0
2008-04-17,226.98,0.007188498,0.007188498,0
2008-04-18,227.25,0.001189532,0.001189532,0
2008-04-21,231.11,0.016985699,0.016985699,0
2008-04-22,229.22,-0.008177924,-0.008177924,0
2008-04-23,230.56,0.005845912,0.005845912,0
2008-04-24,230.77,0.000910826,0.000910826,0
2008-04-25,234.56,0.016423279,0.016423279,0
2008-04-28,234.97,0.001747954,0.001747954,0
2008-04-29,233.24,-0.007362642,-0.007362642,0
2008-04-30,235,0,0,0
2008-05-02,238.18,-0.013531915,0,-0.013531915
2008-05-06,239.53,-0.005667982,0,-0.005667982
2008-05-07,238.66,0.003632113,0,0.003632113
2008-05-08,237.37,0,0,0
2008-05-09,233.98,0,0,0
2008-05-13,237.02,0.012992563,0.012992563,0
2008-05-14,237.04,-8.43811E-05,0,-8.43811E-05
2008-05-15,243.11,-0.025607492,0,-0.025607492
2008-05-16,243.54,-0.001768747,0,-0.001768747
2008-05-19,242.67,0.003572308,0,0.003572308
2008-05-20,240.62,0.008447686,0,0.008447686
2008-05-21,237.15,0.014421079,0,0.014421079
2008-05-22,235.31,0.007758802,0,0.007758802
2008-05-23,234.14,0.004972164,0,0.004972164
2008-05-26,230.43,0.015845221,0,0.015845221
2008-05-27,233.97,-0.015362583,0,-0.015362583
2008-05-28,231.17,0.011967346,0,0.011967346
2008-05-29,236.39,-0.022580785,0,-0.022580785
2008-05-30,237.46,-0.004526418,0,-0.004526418
2008-06-02,236.78,0.00286364,0,0.00286364
2008-06-03,233.14,0.01537292,0,0.01537292
2008-06-04,235.09,-0.008364073,0,-0.008364073
2008-06-05,234.76,0.001403718,0,0.001403718
2008-06-09,231.35,0,0,0
2008-06-10,226.56,0.02070456,0,0.02070456
2008-06-11,227.42,-0.003795904,0,-0.003795904
2008-06-12,221.17,0.027482192,0,0.027482192
2008-06-13,222.79,-0.007324682,0,-0.007324682
2008-06-16,224.91,-0.009515687,0,-0.009515687
2008-06-17,223.66,0.005557779,0,0.005557779
2008-06-18,226.6,-0.013144952,0,-0.013144952
2008-06-19,222.03,0.020167696,0,0.020167696
2008-06-20,220.57,0.006575688,0,0.006575688
2008-06-23,218.51,0.009339439,0,0.009339439
2008-06-24,217.97,0.002471283,0,0.002471283
2008-06-25,218.95,-0.004496032,0,-0.004496032
2008-06-26,219.12,-0.000776433,0,-0.000776433
2008-06-27,214.59,0.020673604,0,0.020673604
2008-06-30,213.52,0.004986253,0,0.004986253
2008-07-01,213.02,0,0,0
2008-07-02,207.96,0,0,0
2008-07-03,205.71,0,0,0
2008-07-04,201.74,0,0,0
2008-07-07,202.34,0.002974125,0.002974125,0
2008-07-08,196.52,-0.028763467,-0.028763467,0
2008-07-09,194.61,-0.009719113,-0.009719113,0
2008-07-10,196.34,0.008889574,0.008889574,0
2008-07-11,200.12,0.019252317,0.019252317,0
2008-07-14,199.12,-0.004997002,-0.004997002,0
2008-07-15,193.01,-0.030685014,-0.030685014,0
2008-07-16,192.48,-0.002745972,-0.002745972,0
2008-07-17,194.89,0.012520781,0.012520781,0
2008-07-18,192.86,-0.010416132,-0.010416132,0
2008-07-21,200,0.037021674,0.037021674,0
2008-07-22,199.77,-0.00115,-0.00115,0
2008-07-23,203.64,0.019372278,0.019372278,0
2008-07-24,208.34,0.023079945,0.023079945,0
2008-07-25,204.27,-0.019535375,-0.019535375,0
2008-07-28,203.97,-0.001468644,-0.001468644,0
2008-07-29,199.9,-0.019953915,-0.019953915,0
2008-07-30,201.82,0.009604802,0.009604802,0
2008-07-31,204.12,0,0,0
2008-08-01,201.43,0,0,0
2008-08-04,197.56,0,0,0
2008-08-05,196.44,0,0,0
2008-08-06,202.28,0,0,0
2008-08-07,200.31,0,0,0
2008-08-08,200.76,0.002246518,0.002246518,0
2008-08-11,202.42,0.008268579,0.008268579,0
2008-08-12,202.12,-0.001482067,-0.001482067,0
2008-08-13,200.26,0,0,0
2008-08-14,201.5,0,0,0
2008-08-18,200.97,0.002630273,0,0.002630273
2008-08-19,197.56,0.016967707,0,0.016967707
2008-08-20,197.35,0.001062968,0,0.001062968
2008-08-21,193.85,0.017734989,0,0.017734989
2008-08-22,192.04,0.009337116,0,0.009337116
2008-08-25,192.99,-0.004946886,0,-0.004946886
2008-08-26,191.36,0.008446033,0,0.008446033
2008-08-27,191.6,-0.001254181,0,-0.001254181
2008-08-28,188.75,0,0,0
2008-08-29,188.96,0,0,0
2008-09-01,182.13,0,0,0
2008-09-02,182.41,0.001537363,0.001537363,0
2008-09-03,184.36,0.010690203,0.010690203,0
2008-09-04,183.57,-0.004285094,-0.004285094,0
2008-09-05,180.49,-0.016778341,-0.016778341,0
2008-09-08,189.97,0.052523686,0.052523686,0
2008-09-09,186.99,-0.015686687,-0.015686687,0
2008-09-10,188.5,0.008075298,0.008075298,0
2008-09-11,185.27,-0.017135279,-0.017135279,0
2008-09-12,189.9,0.024990554,0.024990554,0
2008-09-16,179,-0.057398631,-0.057398631,0
2008-09-17,183.54,0.025363128,0.025363128,0
2008-09-18,179.25,-0.023373652,-0.023373652,0
2008-09-19,188.31,0.050543933,0.050543933,0
2008-09-22,189.16,0,0,0
2008-09-23,191.58,0.012793402,0.012793402,0
2008-09-24,193.18,0.008351602,0.008351602,0
2008-09-25,193.87,0,0,0
2008-09-26,190.6,0,0,0
2008-09-29,188.1,0.013116474,0,0.013116474
2008-09-30,186.62,0.007868155,0,0.007868155
2008-10-01,185.52,0.005894331,0,0.005894331
2008-10-02,182.7,0.015200517,0,0.015200517
2008-10-06,175.03,0,0,0
2008-10-07,176.46,0,0,0
2008-10-08,167.16,0,0,0
2008-10-09,168.86,0,0,0
2008-10-10,162.05,0,0,0
2008-10-13,167.91,0,0,0
2008-10-14,178.15,0,0,0
2008-10-15,174.28,0.021723267,0,0.021723267
2008-10-16,157.63,0.095535919,0,0.095535919
2008-10-17,153.06,0.028991943,0,0.028991943
2008-10-20,157.51,-0.029073566,0,-0.029073566
2008-10-21,155.8,0.010856454,0,0.010856454
2008-10-22,148.13,0.049229782,0,0.049229782
2008-10-23,137.47,0.071963816,0,0.071963816
2008-10-24,123.27,0.103295264,0,0.103295264
2008-10-27,125.93,-0.021578648,0,-0.021578648
2008-10-28,132.42,-0.051536568,0,-0.051536568
2008-10-29,128.68,0.028243468,0,0.028243468
2008-10-30,144.42,-0.122318931,0,-0.122318931
2008-10-31,147.5,-0.021326686,0,-0.021326686
2008-11-03,148.81,-0.008881356,0,-0.008881356
2008-11-04,151.63,-0.018950339,0,-0.018950339
2008-11-05,154.93,-0.021763503,0,-0.021763503
2008-11-06,143.37,0.074614342,0,0.074614342
2008-11-07,148.44,0,0,0
2008-11-10,150.84,0,0,0
2008-11-11,147.67,0,0,0
2008-11-12,147.27,0,0,0
2008-11-13,142.7,0,0,0
2008-11-14,142.26,0,0,0
2008-11-17,140.57,0,0,0
2008-11-18,134.88,0,0,0
2008-11-19,132.33,0,0,0
2008-11-20,123.54,-0.066424847,-0.066424847,0
2008-11-21,130.76,0.05844261,0.05844261,0
2008-11-24,126.02,-0.036249618,-0.036249618,0
2008-11-25,128.01,0.015791144,0.015791144,0
2008-11-26,134.5,0.050699164,0.050699164,0
2008-11-27,139.17,0,0,0
2008-11-28,140.66,0,0,0
2008-12-01,138.33,0,0,0
2008-12-02,133.7,0,0,0
2008-12-03,133.62,0,0,0
2008-12-04,131.43,0,0,0
2008-12-05,134.33,-0.022064978,0,-0.022064978
2008-12-08,144.89,0,0,0
2008-12-09,145.2,0,0,0
2008-12-10,150.73,0,0,0
2008-12-11,151.93,0,0,0
2008-12-12,144.38,-0.049693938,-0.049693938,0
2008-12-15,151.43,0.048829478,0.048829478,0
2008-12-16,151.35,-0.000528297,-0.000528297,0
2008-12-17,152.62,0.008391146,0.008391146,0
2008-12-18,153.24,0.004062377,0.004062377,0
2008-12-19,154.1,0.005612112,0.005612112,0
2008-12-22,153.98,-0.000778715,-0.000778715,0
2008-12-23,148.93,-0.032796467,-0.032796467,0
2008-12-24,147.02,-0.012824817,-0.012824817,0
2008-12-26,145.81,-0.008230173,-0.008230173,0
2008-12-29,145.72,-0.000617242,-0.000617242,0
2008-12-30,146.35,0.00432336,0.00432336,0
2009-01-02,151.15,0.032798087,0.032798087,0
2009-01-05,153.83,0.017730731,0.017730731,0
2009-01-06,156.79,0.01924202,0.01924202,0
2009-01-07,161.36,0,0,0
2009-01-08,157.76,0,0,0
2009-01-09,154.17,0,0,0
2009-01-12,151.01,0,0,0
2009-01-13,152.45,0,0,0
2009-01-14,154.5,0,0,0
2009-01-15,145.05,0,0,0
2009-01-16,148.03,-0.02054464,0,-0.02054464
2009-01-19,150.02,-0.013443221,0,-0.013443221
2009-01-20,146.55,0.023130249,0,0.023130249
2009-01-21,143.29,0.022244968,0,0.022244968
2009-01-22,145.11,-0.012701514,0,-0.012701514
2009-01-23,141.75,0.023154848,0,0.023154848
2009-01-28,151.04,-0.065537919,0,-0.065537919
2009-01-29,152.29,-0.008275953,0,-0.008275953
2009-01-30,151.33,0.006303763,0,0.006303763
2009-02-02,149,0.015396815,0,0.015396815
2009-02-03,151.42,-0.016241611,0,-0.016241611
2009-02-04,155.99,-0.030180954,0,-0.030180954
2009-02-05,154,0.012757228,0,0.012757228
2009-02-06,158.9,-0.031818182,0,-0.031818182
2009-02-09,157.7,0.007551919,0,0.007551919
2009-02-10,156.84,0.005453393,0,0.005453393
2009-02-11,155.26,0,0,0
2009-02-12,153.66,0,0,0
2009-02-13,155.19,0,0,0
2009-02-16,152.66,0,0,0
2009-02-17,146.6,-0.039696057,-0.039696057,0
2009-02-18,144.21,-0.016302865,-0.016302865,0
2009-02-19,143.6,-0.004229942,-0.004229942,0
2009-02-20,138.31,0.03683844,0,0.03683844
2009-02-23,142.78,-0.032318704,0,-0.032318704
2009-02-24,137.82,0.034738759,0,0.034738759
2009-02-25,138.65,-0.006022348,0,-0.006022348
2009-02-26,136.98,0.012044717,0,0.012044717
2009-02-27,138.07,-0.007957366,0,-0.007957366
2009-03-02,132.47,0.040559137,0,0.040559137
2009-03-03,133.78,-0.009889031,0,-0.009889031
2009-03-04,138.21,-0.033114068,0,-0.033114068
2009-03-05,138.25,-0.000289415,0,-0.000289415
2009-03-06,137.83,0.003037975,0,0.003037975
2009-03-09,140,-0.015744033,0,-0.015744033
2009-03-10,142.73,-0.0195,0,-0.0195
2009-03-11,147.6,-0.034120367,0,-0.034120367
2009-03-12,148.02,-0.002845528,0,-0.002845528
2009-03-13,147.29,0,0,0
2009-03-16,147,-0.001968905,-0.001968905,0
2009-03-17,152.17,0.035170068,0.035170068,0
2009-03-18,152.89,0.00473155,0.00473155,0
2009-03-19,151.51,-0.009026097,-0.009026097,0
2009-03-20,152.58,0.00706224,0.00706224,0
2009-03-23,156.42,0.025167125,0.025167125,0
2009-03-24,159.56,0.020074159,0.020074159,0
2009-03-25,160.28,0.004512409,0.004512409,0
2009-03-26,162.22,0.012103818,0.012103818,0
2009-03-27,161.66,-0.003452102,-0.003452102,0
2009-03-30,156.23,-0.033589014,-0.033589014,0
2009-03-31,157.01,0.004992639,0.004992639,0
2009-04-01,160.46,0.021973123,0.021973123,0
2009-04-02,166.18,0.035647513,0.035647513,0
2009-04-03,167.11,0.005596341,0.005596341,0
2009-04-06,168.62,0.009035964,0.009035964,0
2009-04-07,168.34,-0.001660538,-0.001660538,0
2009-04-08,162.68,-0.033622431,-0.033622431,0
2009-04-09,169.48,0.041799852,0.041799852,0
2009-04-10,172.01,0.014928015,0.014928015,0
2009-04-13,171.69,-0.001860357,-0.001860357,0
2009-04-14,172.03,0.001980313,0.001980313,0
2009-04-15,171.21,-0.00476661,-0.00476661,0
2009-04-16,171.73,-0.003037206,0,-0.003037206
2009-04-17,171.33,0.002329238,0,0.002329238
2009-04-20,172.3,-0.005661589,0,-0.005661589
2009-04-21,171.96,0.001973302,0,0.001973302
2009-04-22,174.4,-0.014189346,0,-0.014189346
2009-04-23,176.14,-0.009977064,0,-0.009977064
2009-04-24,174.13,0.011411377,0,0.011411377
2009-04-27,172.13,0.011485672,0,0.011485672
2009-04-28,167.24,0.028408761,0,0.028408761
2009-04-29,172.08,-0.028940445,0,-0.028940445
2009-04-30,176,-0.022780102,0,-0.022780102
2009-05-04,179.69,-0.020965909,0,-0.020965909
2009-05-06,178.82,0.004841672,0,0.004841672
2009-05-07,179.74,-0.005144838,0,-0.005144838
2009-05-08,181.04,-0.007232669,0,-0.007232669
2009-05-11,181.35,-0.001712329,0,-0.001712329
2009-05-12,179.73,0.008933002,0,0.008933002
2009-05-13,181.14,-0.007845101,0,-0.007845101
2009-05-14,176.29,0.02677487,0,0.02677487
2009-05-15,177.8,-0.008565432,0,-0.008565432
2009-05-18,177.26,0.00303712,0,0.00303712
2009-05-19,182.76,-0.031027869,0,-0.031027869
2009-05-20,183.8,-0.005690523,0,-0.005690523
2009-05-21,181.82,0.010772579,0,0.010772579
2009-05-22,179.01,0,0,0
2009-05-25,178.57,0,0,0
2009-05-26,174.77,0.02128017,0,0.02128017
2009-05-27,173.75,0.005836242,0,0.005836242
2009-05-28,178.19,-0.025553957,0,-0.025553957
2009-05-29,178.7,-0.002862113,0,-0.002862113
2009-06-01,180.9,-0.012311136,0,-0.012311136
2009-06-02,180.47,0.002377004,0,0.002377004
2009-06-03,180.31,0.000886574,0,0.000886574
2009-06-04,175.75,0,0,0
2009-06-05,177.77,0,0,0
2009-06-08,177.67,0,0,0
2009-06-09,174.91,0,0,0
2009-06-10,180.91,0,0,0
2009-06-11,181.43,0,0,0
2009-06-12,182.69,0,0,0
2009-06-15,180.66,0,0,0
2009-06-16,178.88,0,0,0
2009-06-17,177.8,0,0,0
2009-06-18,175.54,0,0,0
2009-06-19,176.63,0,0,0
2009-06-22,179.02,-0.01353111,0,-0.01353111
2009-06-23,174.32,0.02625405,0,0.02625405
2009-06-24,175.08,-0.004359798,0,-0.004359798
2009-06-25,178.86,-0.02159013,0,-0.02159013
2009-06-26,179.28,-0.002348205,0,-0.002348205
2009-06-29,178.81,0,0,0
2009-06-30,178.99,0,0,0
2009-07-01,181.95,0.016537237,0.016537237,0
2009-07-02,181.85,-0.000549602,-0.000549602,0
2009-07-03,182.92,0.00588397,0.00588397,0
2009-07-06,184.5,0,0,0
2009-07-07,185.11,0.003306233,0.003306233,0
2009-07-08,184.73,-0.002052833,-0.002052833,0
2009-07-09,184.72,-5.41331E-05,-5.41331E-05,0
2009-07-10,184.56,-0.000866176,-0.000866176,0
2009-07-13,178.15,-0.034731253,-0.034731253,0
2009-07-14,179.43,0.007184956,0.007184956,0
2009-07-15,184.26,0.026918575,0.026918575,0
2009-07-16,186.22,0.010637143,0.010637143,0
2009-07-17,187.16,0.005047793,0.005047793,0
2009-07-20,192.25,0.027195982,0.027195982,0
2009-07-21,193.62,0.007126138,0.007126138,0
2009-07-22,194.29,0.003460386,0.003460386,0
2009-07-23,194.4,0.000566164,0.000566164,0
2009-07-24,195.13,0.003755144,0.003755144,0
2009-07-27,198.07,0.015066878,0.015066878,0
2009-07-28,198.52,0.002271924,0.002271924,0
2009-07-29,198.24,-0.001410437,-0.001410437,0
2009-07-30,199.88,0.008272801,0.008272801,0
2009-07-31,202.96,0.015409246,0.015409246,0
2009-08-03,203.81,0.004188017,0.004188017,0
2009-08-04,204.1,0.001422894,0.001422894,0
2009-08-05,203.19,-0.004458599,-0.004458599,0
2009-08-06,203.74,0.002706826,0.002706826,0
2009-08-07,204.95,0.005938942,0.005938942,0
2009-08-10,204.77,-0.000878263,-0.000878263,0
2009-08-11,204.96,0.00092787,0.00092787,0
2009-08-12,202.67,-0.011172912,-0.011172912,0
2009-08-13,202.46,-0.001036167,-0.001036167,0
2009-08-14,206.46,0.019756989,0.019756989,0
2009-08-17,200.52,0.028770706,0,0.028770706
2009-08-18,201.33,-0.004039497,0,-0.004039497
2009-08-19,201.08,0.001241742,0,0.001241742
2009-08-20,205.22,-0.02058882,0,-0.02058882
2009-08-21,206.26,-0.005067732,0,-0.005067732
2009-08-24,210.6,-0.021041404,0,-0.021041404
2009-08-25,209.12,0.00702754,0,0.00702754
2009-08-26,210.62,-0.007172915,0,-0.007172915
2009-08-27,208.62,0.009495774,0,0.009495774
2009-08-28,209.74,-0.005368613,0,-0.005368613
2009-08-31,207.44,0.010965958,0,0.010965958
2009-09-01,211.89,-0.021451986,0,-0.021451986
2009-09-02,210.51,0.006512813,0,0.006512813
2009-09-03,210.6,-0.000427533,0,-0.000427533
2009-09-04,209.81,0.003751187,0,0.003751187
2009-09-07,209.73,0.000381297,0,0.000381297
2009-09-08,211.4,-0.007962619,0,-0.007962619
2009-09-09,210.09,0.006196783,0,0.006196783
2009-09-10,214.92,-0.022990147,0,-0.022990147
2009-09-11,215.81,-0.004141076,0,-0.004141076
2009-09-14,213.42,0.011074556,0,0.011074556
2009-09-15,216.14,0,0,0
2009-09-16,220.53,0,0,0
2009-09-17,222.31,0,0,0
2009-09-18,222.34,0.000134947,0.000134947,0
2009-09-21,221.85,-0.002203832,-0.002203832,0
2009-09-22,225.27,0.015415822,0.015415822,0
2009-09-23,224.69,-0.002574688,-0.002574688,0
2009-09-24,222.35,-0.010414349,-0.010414349,0
2009-09-25,221.82,-0.002383629,-0.002383629,0
2009-09-28,219.66,-0.009737625,-0.009737625,0
2009-09-29,221.59,0.008786306,0.008786306,0
2009-09-30,219.75,-0.008303624,-0.008303624,0
2009-10-01,215.94,-0.017337884,-0.017337884,0
2009-10-05,210.38,-0.025747893,-0.025747893,0
2009-10-06,209.25,-0.005371233,-0.005371233,0
2009-10-07,208.94,-0.001481481,-0.001481481,0
2009-10-08,211.01,0.00990715,0.00990715,0
2009-10-09,215.57,0.02161035,0.02161035,0
2009-10-12,214.23,0,0,0
2009-10-13,213.1,0,0,0
2009-10-14,215.9,0,0,0
2009-10-15,217.47,0,0,0
2009-10-16,214.91,0,0,0
2009-10-19,216.19,0,0,0
2009-10-20,217.53,0,0,0
2009-10-21,216.64,0,0,0
2009-10-22,213.25,-0.01564808,-0.01564808,0
2009-10-23,214.73,0,0,0
2009-10-26,217.45,-0.01266707,0,-0.01266707
2009-10-27,216.47,0,0,0
2009-10-28,211.03,0,0,0
2009-10-29,207.68,0,0,0
2009-10-30,206.81,0,0,0
2009-11-02,204.25,0,0,0
2009-11-03,203.13,0.005483476,0,0.005483476
2009-11-04,207.18,-0.019937971,0,-0.019937971
2009-11-05,203.52,0.017665798,0,0.017665798
2009-11-06,206.53,-0.014789701,0,-0.014789701
2009-11-09,207.29,-0.003679853,0,-0.003679853
2009-11-10,208.23,-0.00453471,0,-0.00453471
2009-11-11,210.08,-0.008884407,0,-0.008884407
2009-11-12,206.67,0.016231912,0,0.016231912
2009-11-13,206.84,-0.000822567,0,-0.000822567
2009-11-16,209.9,-0.014794044,0,-0.014794044
2009-11-17,209,0.004287756,0,0.004287756
2009-11-18,211.56,-0.012248804,0,-0.012248804
2009-11-19,213.89,-0.011013424,0,-0.011013424
2009-11-20,213.76,0,0,0
2009-11-23,213.72,0,0,0
2009-11-24,211.92,0,0,0
2009-11-25,212.61,0,0,0
2009-11-26,210.77,0,0,0
2009-11-27,200.73,-0.047634863,-0.047634863,0
2009-11-30,204.75,0.020026902,0.020026902,0
2009-12-01,207.07,0.011330891,0.011330891,0
2009-12-02,210.25,0.015357126,0.015357126,0
2009-12-03,213.31,0.014554102,0.014554102,0
2009-12-04,214.5,0.005578735,0.005578735,0
2009-12-07,215.55,0.004895105,0.004895105,0
2009-12-08,214.91,-0.002969149,-0.002969149,0
2009-12-09,215.75,0.003908613,0.003908613,0
2009-12-10,218.73,0.013812283,0.013812283,0
2009-12-11,218.77,0.000182874,0.000182874,0
2009-12-14,219.51,0.003382548,0.003382548,0
2009-12-15,219.6,0.000410004,0.000410004,0
2009-12-16,219.32,-0.001275046,-0.001275046,0
2009-12-17,216.9,-0.011034105,-0.011034105,0
2009-12-18,216.68,-0.001014292,-0.001014292,0
2009-12-21,216.2,-0.002215248,-0.002215248,0
2009-12-22,217.87,0.007724329,0.007724329,0
2009-12-23,218.95,0.004957084,0.004957084,0
2009-12-24,221.67,0.012422928,0.012422928,0
2009-12-28,222.03,0.001624036,0.001624036,0
2009-12-29,220.34,-0.007611584,-0.007611584,0
2009-12-30,221.86,0.00689843,0.00689843,0
2010-01-04,223.49,0.007346976,0.007346976,0
2010-01-05,222.84,-0.002908408,-0.002908408,0
2010-01-06,224.67,0.00821217,0.00821217,0
2010-01-07,221.31,0,0,0
2010-01-08,222.66,-0.006100041,0,-0.006100041
2010-01-11,222.23,0,0,0
2010-01-12,223.04,0,0,0
2010-01-13,219.17,0,0,0
2010-01-14,221.19,0,0,0
2010-01-15,223.21,0,0,0
2010-01-18,224.38,-0.005241701,0,-0.005241701
2010-01-19,224.13,0.001114181,0,0.001114181
2010-01-20,224.83,-0.003123187,0,-0.003123187
2010-01-21,226.16,-0.005915581,0,-0.005915581
2010-01-22,220.68,0.024230633,0,0.024230633
2010-01-25,219.33,0.006117455,0,0.006117455
2010-01-26,214.89,0.020243469,0,0.020243469
2010-01-27,213.02,0.008702127,0,0.008702127
2010-01-28,215.67,-0.012440146,0,-0.012440146
2010-01-29,210.34,0.024713683,0,0.024713683
2010-02-01,210.76,-0.001996767,0,-0.001996767
2010-02-02,209.27,0.007069653,0,0.007069653
2010-02-03,211.86,-0.012376356,0,-0.012376356
2010-02-04,211.72,0.000660814,0,0.000660814
2010-02-05,205.06,0.031456641,0,0.031456641
2010-02-08,203.37,0.00824149,0,0.00824149
2010-02-09,206.01,-0.012981266,0,-0.012981266
2010-02-10,205.94,0.000339789,0,0.000339789
2010-02-11,209.73,-0.018403418,0,-0.018403418
2010-02-12,208.74,0.004720355,0,0.004720355
2010-02-16,209.73,-0.004742742,0,-0.004742742
2010-02-17,213.44,-0.01768941,0,-0.01768941
2010-02-18,212.55,0.00416979,0,0.00416979
2010-02-19,208.7,0.018113385,0,0.018113385
2010-02-22,213.28,-0.021945376,0,-0.021945376
2010-02-23,213.45,-0.000797074,0,-0.000797074
2010-02-24,210.92,0,0,0
2010-02-25,207.56,0,0,0
2010-02-26,208.36,0.003854307,0.003854307,0
2010-03-02,211.44,0.014782108,0.014782108,0
2010-03-03,212.36,0.004351116,0.004351116,0
2010-03-04,211.91,-0.002119043,-0.002119043,0
2010-03-05,214.05,0.010098627,0.010098627,0
2010-03-08,217.73,0.017192245,0.017192245,0
2010-03-09,217.82,0.000413356,0.000413356,0
2010-03-10,217.82,0,0,0
2010-03-11,216.76,-0.004866403,-0.004866403,0
2010-03-12,217.35,0.002721904,0.002721904,0
2010-03-15,215.49,-0.008557626,-0.008557626,0
2010-03-16,215.25,-0.001113741,-0.001113741,0
2010-03-17,220.28,0.023368177,0.023368177,0
2010-03-18,219.02,-0.005719993,-0.005719993,0
2010-03-19,220.48,0.006666058,0.006666058,0
2010-03-22,218.52,-0.008889695,-0.008889695,0
2010-03-23,220.09,0.007184697,0.007184697,0
2010-03-24,220.09,0,0,0
2010-03-25,221.07,0.004452724,0.004452724,0
2010-03-26,222.25,0.005337676,0.005337676,0
2010-03-29,221.6,-0.002924634,-0.002924634,0
2010-03-30,222.48,0.003971119,0.003971119,0
2010-03-31,221.58,-0.004045307,-0.004045307,0
2010-04-01,225.47,0.017555736,0.017555736,0
2010-04-02,226.69,0.005410919,0.005410919,0
2010-04-05,227.48,0.003484935,0.003484935,0
2010-04-06,227.51,0,0,0
2010-04-07,227.31,0,0,0
2010-04-08,228.27,0,0,0
2010-04-09,226.81,0.006395935,0,0.006395935
2010-04-12,224.59,0.009787928,0,0.009787928
2010-04-13,224.69,-0.000445256,0,-0.000445256
2010-04-14,228.08,-0.015087454,0,-0.015087454
2010-04-15,229.17,-0.004779025,0,-0.004779025
2010-04-16,227.69,0.006458088,0,0.006458088
2010-04-19,223.65,0.017743423,0,0.017743423
2010-04-20,225.13,-0.006617483,0,-0.006617483
2010-04-21,229.09,-0.017589837,0,-0.017589837
2010-04-22,227.76,0.005805579,0,0.005805579
2010-04-23,227.36,0.001756235,0,0.001756235
2010-04-26,229.64,-0.010028149,0,-0.010028149
2010-04-27,229.28,0.001567671,0,0.001567671
2010-04-28,226.98,0.010031403,0,0.010031403
2010-04-29,226.11,0.003832937,0,0.003832937
2010-04-30,227.95,-0.008137632,0,-0.008137632
2010-05-03,225.1,0.012502742,0,0.012502742
2010-05-04,224.76,0.00151044,0,0.00151044
2010-05-06,220.21,0.020243816,0,0.020243816
2010-05-07,215.09,0.023250534,0,0.023250534
2010-05-10,219.1,-0.018643359,0,-0.018643359
2010-05-11,217.63,0.006709265,0,0.006709265
2010-05-12,216.78,0.003905712,0,0.003905712
2010-05-13,220.8,-0.018544146,0,-0.018544146
2010-05-14,221.08,-0.001268116,0,-0.001268116
2010-05-17,215.36,0.025872987,0,0.025872987
2010-05-18,214.42,0.004364785,0,0.004364785
2010-05-19,212.43,0.009280851,0,0.009280851
2010-05-20,208.78,0.017182131,0,0.017182131
2010-05-24,210.27,-0.007136699,0,-0.007136699
2010-05-25,204.83,0.025871499,0,0.025871499
2010-05-26,206.62,0,0,0
2010-05-27,209.83,-0.015535766,0,-0.015535766
2010-05-28,212.1,-0.010818281,0,-0.010818281
2010-05-31,214.34,-0.010561056,0,-0.010561056
2010-06-01,213.02,0.00615844,0,0.00615844
2010-06-03,217.58,-0.021406441,0,-0.021406441
2010-06-04,218.03,-0.002068205,0,-0.002068205
2010-06-07,214.38,0.016740815,0,0.016740815
2010-06-08,216.08,-0.007929844,0,-0.007929844
2010-06-09,215.26,0.003794891,0,0.003794891
2010-06-10,215.73,0,0,0
2010-06-11,219.22,0.016177629,0.016177629,0
2010-06-14,221.43,0.010081197,0.010081197,0
2010-06-15,221.34,-0.000406449,-0.000406449,0
2010-06-16,223.34,0.009035872,0.009035872,0
2010-06-17,223.45,0.000492523,0.000492523,0
2010-06-18,223.77,0.001432088,0.001432088,0
2010-06-21,227.69,0.017517987,0.017517987,0
2010-06-22,226.45,-0.005446001,-0.005446001,0
2010-06-23,225.59,-0.003797748,-0.003797748,0
2010-06-24,227.45,0.008245046,0.008245046,0
2010-06-25,225.63,-0.008001759,-0.008001759,0
2010-06-28,225.55,-0.000354563,-0.000354563,0
2010-06-29,222.54,-0.013345156,-0.013345156,0
2010-06-30,220.85,-0.00759414,-0.00759414,0
2010-07-01,218.65,-0.009961512,-0.009961512,0
2010-07-02,217.01,-0.007500572,-0.007500572,0
2010-07-05,217.47,0.002119718,0.002119718,0
2010-07-06,219.12,0.007587253,0.007587253,0
2010-07-07,217.45,-0.007621395,-0.007621395,0
2010-07-08,220.78,0.015313865,0.015313865,0
2010-07-09,224.44,0.016577589,0.016577589,0
2010-07-12,225.86,0,0,0
2010-07-13,226.14,0,0,0
2010-07-14,229.27,-0.013840983,0,-0.013840983
2010-07-15,228.39,0,0,0
2010-07-16,226.34,0,0,0
2010-07-19,225.32,0,0,0
2010-07-20,225.84,0,0,0
2010-07-21,227.88,-0.009032944,0,-0.009032944
2010-07-22,226.23,0.007240653,0,0.007240653
2010-07-23,229.5,0,0,0
2010-07-26,230.87,0,0,0
2010-07-27,230.93,0,0,0
2010-07-28,231.56,0,0,0
2010-07-29,231.16,0,0,0
2010-07-30,229.25,-0.008262675,-0.008262675,0
2010-08-02,232.22,0.012955289,0.012955289,0
2010-08-03,233.38,0.004995263,0.004995263,0
2010-08-04,233.14,-0.001028366,-0.001028366,0
2010-08-05,232.39,0,0,0
2010-08-06,232.35,0.000172124,0,0.000172124
2010-08-09,233.14,-0.003400043,0,-0.003400043
2010-08-10,232.04,0.004718195,0,0.004718195
2010-08-11,228.98,0,0,0
2010-08-12,223.96,0,0,0
2010-08-13,227.01,0,0,0
2010-08-16,226.51,0.002202546,0,0.002202546
2010-08-17,227.96,-0.006401483,0,-0.006401483
2010-08-18,228.9,-0.00412353,0,-0.00412353
2010-08-19,231.88,-0.013018785,0,-0.013018785
2010-08-20,231.17,0.003061929,0,0.003061929
2010-08-23,230.2,0.004196046,0,0.004196046
2010-08-24,229.42,0.003388358,0,0.003388358
2010-08-25,225.99,0.014950745,0,0.014950745
2010-08-26,225.39,0.002654985,0,0.002654985
2010-08-27,225.52,-0.000576778,0,-0.000576778
2010-08-30,229.63,-0.018224548,0,-0.018224548
2010-08-31,226.81,0.012280625,0,0.012280625
2010-09-01,229.41,-0.011463339,0,-0.011463339
2010-09-02,230.66,-0.00544876,0,-0.00544876
2010-09-03,231.04,-0.001647446,0,-0.001647446
2010-09-06,232.77,-0.007487881,0,-0.007487881
2010-09-07,232.45,0.001374748,0,0.001374748
2010-09-08,230.94,-0.006496021,-0.006496021,0
2010-09-09,231.53,0.002554776,0.002554776,0
2010-09-10,233.93,0.010365827,0.010365827,0
2010-09-13,236.34,0,0,0
2010-09-14,235.98,-0.001523229,-0.001523229,0
2010-09-15,237.14,0.004915671,0.004915671,0
2010-09-16,235.37,-0.007463945,-0.007463945,0
2010-09-17,237.64,0.00964439,0.00964439,0
2010-09-20,238.29,0.00273523,0.00273523,0
2010-09-24,239.8,0.006336816,0.006336816,0
2010-09-27,241.38,0.006588824,0.006588824,0
2010-09-28,240.59,-0.003272848,-0.003272848,0
2010-09-29,242.27,0.006982834,0.006982834,0
2010-09-30,242.95,0.002806786,0.002806786,0
2010-10-01,243.49,0.00222268,0.00222268,0
2010-10-04,243.99,0.002053472,0.002053472,0
2010-10-05,244.22,0.000942662,0.000942662,0
2010-10-06,247.7,0.014249447,0.014249447,0
2010-10-07,247.22,-0.001937828,-0.001937828,0
2010-10-08,246.51,-0.002871936,-0.002871936,0
2010-10-11,245.44,-0.004340595,-0.004340595,0
2010-10-12,242.35,-0.012589635,-0.012589635,0
2010-10-13,242.99,0.002640809,0.002640809,0
2010-10-14,246.25,0.01341619,0.01341619,0
2010-10-15,246.56,0.001258883,0.001258883,0
2010-10-18,242.64,-0.015898767,-0.015898767,0
2010-10-19,240.11,-0.01042697,-0.01042697,0
2010-10-20,241.79,0.006996793,0.006996793,0
2010-10-21,242.53,0,0,0
2010-10-22,245.84,-0.013647796,0,-0.013647796
2010-10-25,248.16,-0.009437032,0,-0.009437032
2010-10-26,248.38,-0.000886525,0,-0.000886525
2010-10-27,246.61,0.007126178,0,0.007126178
2010-10-28,246.41,0.000810997,0,0.000810997
2010-10-29,242.98,0.01391989,0,0.01391989
2010-11-01,247.41,-0.018231953,0,-0.018231953
2010-11-02,247.93,-0.002101774,0,-0.002101774
2010-11-03,249.99,-0.008308797,0,-0.008308797
2010-11-04,251.12,-0.004520181,0,-0.004520181
2010-11-05,251.22,-0.000398216,0,-0.000398216
2010-11-08,251.73,-0.002030093,0,-0.002030093
2010-11-09,252.07,-0.001350653,0,-0.001350653
2010-11-10,255.13,-0.012139485,0,-0.012139485
2010-11-11,247.51,0.029867127,0,0.029867127
2010-11-12,248.35,-0.003393802,0,-0.003393802
2010-11-15,249.22,-0.003503121,0,-0.003503121
2010-11-16,247.84,0.005537276,0,0.005537276
2010-11-17,247.3,0.002178825,0,0.002178825
2010-11-18,251.15,-0.015568136,0,-0.015568136
2010-11-19,253.04,-0.007525383,0,-0.007525383
2010-11-22,254,-0.003793867,0,-0.003793867
2010-11-23,252.12,0.007401575,0,0.007401575
2010-11-24,252.38,-0.001031255,0,-0.001031255
2010-11-25,252.45,0,0,0
2010-11-26,249.31,0,0,0
2010-11-29,248.92,0,0,0
2010-11-30,249.64,0,0,0
2010-12-01,252.8,0,0,0
2010-12-02,256.02,0.012737342,0.012737342,0
2010-12-03,257.65,0,0,0
2010-12-06,257.32,-0.001280807,-0.001280807,0
2010-12-07,258.63,0.005090937,0.005090937,0
2010-12-08,257.51,-0.004330511,-0.004330511,0
2010-12-09,262.32,0.018678886,0.018678886,0
2010-12-10,261.74,-0.00221104,-0.00221104,0
2010-12-13,263.31,0.005998319,0.005998319,0
2010-12-14,265.13,0.006912005,0.006912005,0
2010-12-15,265.95,0.003092822,0.003092822,0
2010-12-16,264.92,-0.003872908,-0.003872908,0
2010-12-17,267.67,0.010380492,0.010380492,0
2010-12-20,267.42,-0.000933986,-0.000933986,0
2010-12-21,269.31,0.007067534,0.007067534,0
2010-12-22,269.6,0.001076826,0.001076826,0
2010-12-23,269.62,7.4184E-05,7.4184E-05,0
2010-12-24,268.5,0,0,0
2010-12-27,267.35,0,0,0
2010-12-28,269.04,0,0,0
2010-12-29,270.44,0,0,0
2010-12-30,271.19,0,0,0
2011-01-03,273.81,0,0,0
2011-01-04,275.78,0,0,0
2011-01-05,275.35,0,0,0
2011-01-06,274.72,-0.002287997,-0.002287997,0
2011-01-07,275.61,0.003239662,0.003239662,0
2011-01-10,273.99,-0.005877871,-0.005877871,0
2011-01-11,275.1,0.004051243,0.004051243,0
2011-01-12,276.17,0.003889495,0.003889495,0
2011-01-13,275.52,0,0,0
2011-01-14,278.17,0.009618177,0.009618177,0
2011-01-17,277.05,0.004026315,0,0.004026315
2011-01-18,276.6,0.001624256,0,0.001624256
2011-01-19,279.25,-0.009580622,0,-0.009580622
2011-01-20,277.75,0.005371531,0,0.005371531
2011-01-21,272.67,0.018289829,0,0.018289829
2011-01-24,274.5,-0.006711409,0,-0.006711409
2011-01-25,275.18,-0.002477231,0,-0.002477231
2011-01-26,278.81,-0.013191366,0,-0.013191366
2011-01-27,279.2,-0.001398802,0,-0.001398802
2011-01-28,278.45,0.002686246,0,0.002686246
2011-01-31,273.12,0.019141677,0,0.019141677
2011-02-01,273.45,-0.00120826,0,-0.00120826
2011-02-07,274.9,-0.005302615,0,-0.005302615
2011-02-08,273.16,0.006329574,0,0.006329574
2011-02-09,269.9,0.011934397,0,0.011934397
2011-02-10,264.57,0.019748055,0,0.019748055
2011-02-11,260.4,0.015761424,0,0.015761424
2011-02-14,266.02,-0.021582181,0,-0.021582181
2011-02-15,265.4,0.002330652,0,0.002330652
2011-02-16,262.56,0.010700829,0,0.010700829
2011-02-17,261.23,0.005065509,0,0.005065509
2011-02-18,265.8,-0.017494162,0,-0.017494162
2011-02-21,264.55,0.004702784,0,0.004702784
2011-02-22,260.13,0.016707617,0,0.016707617
2011-02-23,259.21,0.003536693,0,0.003536693
2011-02-24,257.69,0.005863971,0,0.005863971
2011-02-25,259.28,-0.006170205,0,-0.006170205
2011-02-28,256.36,0.011261956,0,0.011261956
2011-03-02,254.96,0.00546107,0,0.00546107
2011-03-03,260.48,-0.021650455,0,-0.021650455
2011-03-04,265.42,0,0,0
2011-03-07,261.44,-0.014995102,-0.014995102,0
2011-03-08,263.33,0.007229192,0.007229192,0
2011-03-09,263.8,0.001784833,0.001784833,0
2011-03-10,260.59,-0.012168309,-0.012168309,0
2011-03-11,256.83,-0.014428796,-0.014428796,0
2011-03-14,260.69,0.015029397,0.015029397,0
2011-03-15,254.29,-0.024550232,-0.024550232,0
2011-03-16,259.44,0.020252468,0.020252468,0
2011-03-17,259.8,0.001387604,0.001387604,0
2011-03-18,262.39,0.009969207,0.009969207,0
2011-03-21,264.89,0.009527802,0.009527802,0
2011-03-22,266.05,0.004379176,0.004379176,0
2011-03-23,265.67,-0.001428303,-0.001428303,0
2011-03-24,268.93,0.012270862,0.012270862,0
2011-03-25,271.66,0.01015134,0.01015134,0
2011-03-28,272.13,0.001730104,0.001730104,0
2011-03-29,274.22,0.007680153,0.007680153,0
2011-03-30,277.04,0.010283714,0.010283714,0
2011-03-31,278.87,0.006605544,0.006605544,0
2011-04-01,280.73,0.006669774,0.006669774,0
2011-04-04,280.01,-0.002564742,-0.002564742,0
2011-04-05,282.03,0.007214028,0.007214028,0
2011-04-06,281.35,-0.002411091,-0.002411091,0
2011-04-07,280.45,-0.003198863,-0.003198863,0
2011-04-08,281.05,0.002139419,0.002139419,0
2011-04-11,280.49,-0.001992528,-0.001992528,0
2011-04-12,276.13,-0.015544226,-0.015544226,0
2011-04-13,280.68,0.016477746,0.016477746,0
2011-04-14,283.15,0.008800057,0.008800057,0
2011-04-15,282.8,-0.001236094,-0.001236094,0
2011-04-18,282.14,-0.002333805,-0.002333805,0
2011-04-19,280.43,0,0,0
2011-04-20,287.19,0,0,0
2011-04-21,291.16,0,0,0
2011-04-22,290.84,0.001099052,0,0.001099052
2011-04-25,292.69,-0.006360886,0,-0.006360886
2011-04-26,291.38,0.004475725,0,0.004475725
2011-04-27,292.08,-0.002402361,0,-0.002402361
2011-04-28,292.15,-0.00023966,0,-0.00023966
2011-04-29,290.39,0.006024303,0,0.006024303
2011-05-02,295.35,-0.017080478,0,-0.017080478
2011-05-03,291.65,0.01252751,0,0.01252751
2011-05-04,288.46,0.010937768,0,0.010937768
2011-05-06,283.68,0.016570755,0,0.016570755
2011-05-09,282.59,0,0,0
2011-05-11,286.3,0,0,0
2011-05-12,280.02,0,0,0
2011-05-13,279.59,0,0,0
2011-05-16,277.22,0.008476698,0,0.008476698
2011-05-17,277.15,0.000252507,0,0.000252507
2011-05-18,281.76,-0.016633592,0,-0.016633592
2011-05-19,276.47,0.018774844,0,0.018774844
2011-05-20,278.59,-0.007668101,0,-0.007668101
2011-05-23,271.19,0.026562332,0,0.026562332
2011-05-24,271.78,-0.002175596,0,-0.002175596
2011-05-25,268.62,0.011627051,0,0.011627051
2011-05-26,276.33,-0.028702256,0,-0.028702256
2011-05-27,277.35,-0.003691239,0,-0.003691239
2011-05-30,276.32,0.003713719,0,0.003713719
2011-05-31,282.76,-0.023306312,0,-0.023306312
2011-06-01,282.75,3.53657E-05,0,3.53657E-05
2011-06-02,278.76,0,0,0
2011-06-03,278.84,0,0,0
2011-06-07,276.97,0,0,0
2011-06-08,274.46,-0.009062353,-0.009062353,0
2011-06-09,272.44,-0.007359907,-0.007359907,0
2011-06-10,269.04,-0.012479812,-0.012479812,0
2011-06-13,269.79,0.00278769,0.00278769,0
2011-06-14,273.67,0.014381556,0.014381556,0
2011-06-15,274.53,0.003142471,0.003142471,0
2011-06-16,268.88,-0.020580629,-0.020580629,0
2011-06-17,266.22,-0.009892889,-0.009892889,0
2011-06-20,264.39,-0.006874014,-0.006874014,0
2011-06-21,268.65,0.016112561,0.016112561,0
2011-06-22,270.71,0.007667969,0.007667969,0
2011-06-23,269.34,-0.005060766,-0.005060766,0
2011-06-24,274.31,0.018452514,0.018452514,0
2011-06-27,271.44,-0.010462615,-0.010462615,0
2011-06-28,270.41,-0.003794577,-0.003794577,0
2011-06-29,274.61,0.01553197,0.01553197,0
2011-06-30,275.17,0.002039256,0.002039256,0
2011-07-01,278.77,0.013082822,0.013082822,0
2011-07-04,281.67,0.010402841,0.010402841,0
2011-07-05,283.88,0.007846061,0.007846061,0
2011-07-06,285.12,0.004368043,0.004368043,0
2011-07-07,286.07,0.00333193,0.00333193,0
2011-07-08,286.05,-6.9913E-05,-6.9913E-05,0
2011-07-11,282.46,-0.012550253,-0.012550253,0
2011-07-12,275.9,-0.023224527,-0.023224527,0
2011-07-13,278.32,0.008771294,0.008771294,0
2011-07-14,278.03,-0.001041966,-0.001041966,0
2011-07-15,279.59,0.005610905,0.005610905,0
2011-07-18,276.71,-0.010300798,-0.010300798,0
2011-07-19,276.58,-0.000469806,-0.000469806,0
2011-07-20,280.41,0.013847711,0.013847711,0
2011-07-21,279.2,-0.00431511,-0.00431511,0
2011-07-22,282.59,0.012141834,0.012141834,0
2011-07-25,279.66,0.010368378,0,0.010368378
2011-07-26,282.04,0,0,0
2011-07-27,282.7,-0.002340094,0,-0.002340094
2011-07-28,280.04,0.009409268,0,0.009409268
2011-07-29,277.11,0.010462791,0,0.010462791
2011-08-01,282.36,-0.018945545,0,-0.018945545
2011-08-02,275.4,0.024649384,0,0.024649384
2011-08-03,267.8,0.027596224,0,0.027596224
2011-08-04,261.54,0.023375653,0,0.023375653
2011-08-05,251.9,0.036858607,0,0.036858607
2011-08-08,242.45,0.037514887,0,0.037514887
2011-08-09,233.52,0.036832337,0,0.036832337
2011-08-10,233.23,0.001241864,0,0.001241864
2011-08-11,234.14,-0.003901728,0,-0.003901728
2011-08-12,230.38,0.016058768,0,0.016058768
2011-08-16,242.23,-0.051436757,0,-0.051436757
2011-08-17,243.43,-0.004953969,0,-0.004953969
2011-08-18,238.31,0.02103274,0,0.02103274
2011-08-19,222.98,0.064327976,0,0.064327976
2011-08-22,219.15,0.017176428,0,0.017176428
2011-08-23,228.12,-0.040930869,0,-0.040930869
2011-08-24,225.14,0.0130633,0,0.0130633
2011-08-25,227.02,-0.00835036,0,-0.00835036
2011-08-26,229,-0.008721699,0,-0.008721699
2011-08-29,235.78,-0.029606987,0,-0.029606987
2011-08-30,237.64,-0.00788871,0,-0.00788871
2011-08-31,242.16,-0.019020367,0,-0.019020367
2011-09-01,242.37,-0.000867195,0,-0.000867195
2011-09-02,240.16,0.00911829,0,0.00911829
2011-09-05,228.89,0,0,0
2011-09-06,226.65,0,0,0
2011-09-07,236.12,0.041782484,0.041782484,0
2011-09-08,238.47,0.009952566,0.009952566,0
2011-09-09,233.4,-0.021260536,-0.021260536,0
2011-09-14,225.15,-0.035347044,-0.035347044,0
2011-09-15,228.58,0,0,0
2011-09-16,237.5,0,0,0
2011-09-19,235.32,0,0,0
2011-09-20,237.53,0.009391467,0.009391467,0
2011-09-21,239.51,0.008335789,0.008335789,0
2011-09-22,232.05,-0.031146925,-0.031146925,0
2011-09-23,218.62,-0.057875458,-0.057875458,0
2011-09-26,214.18,-0.020309212,-0.020309212,0
2011-09-27,225.29,0.051872257,0.051872257,0
2011-09-28,223.82,0,0,0
2011-09-29,230.37,0.029264588,0.029264588,0
2011-09-30,230.41,0.000173634,0.000173634,0
2011-10-04,221.93,-0.036803958,-0.036803958,0
2011-10-05,217.34,-0.020682197,-0.020682197,0
2011-10-06,223.94,0.030367167,0.030367167,0
2011-10-07,230.27,0.0282665,0.0282665,0
2011-10-10,230.82,0.0023885,0.0023885,0
2011-10-11,234.8,0.017242873,0.017242873,0
2011-10-12,236.66,0.007921635,0.007921635,0
2011-10-13,238.09,0.006042424,0.006042424,0
2011-10-14,239.67,0,0,0
2011-10-17,243.49,0,0,0
2011-10-18,239.89,0,0,0
2011-10-19,242.11,0.009254242,0.009254242,0
2011-10-20,235.57,-0.027012515,-0.027012515,0
2011-10-21,240.02,0.018890351,0.018890351,0
2011-10-24,248.21,0.034122156,0.034122156,0
2011-10-25,247.2,-0.004069135,-0.004069135,0
2011-10-26,247.56,0.001456311,0.001456311,0
2011-10-27,251.2,0.014703506,0.014703506,0
2011-10-28,252.47,0.005055732,0.005055732,0
2011-10-31,249.88,-0.010258645,-0.010258645,0
2011-11-01,249.92,0.000160077,0.000160077,0
2011-11-02,248.03,-0.00756242,-0.00756242,0
2011-11-03,244.09,-0.015885175,-0.015885175,0
2011-11-04,252.34,0.033799009,0.033799009,0
2011-11-07,250.78,-0.006182135,-0.006182135,0
2011-11-08,248.32,-0.009809395,-0.009809395,0
2011-11-09,249.23,0.003664626,0.003664626,0
2011-11-10,236.02,-0.05300325,-0.05300325,0
2011-11-11,242.99,0.029531396,0.029531396,0
2011-11-14,248.27,0,0,0
2011-11-15,246.21,0,0,0
2011-11-16,241.98,0,0,0
2011-11-17,244.6,0,0,0
2011-11-18,239.43,0,0,0
2011-11-21,236.64,0.011652675,0,0.011652675
2011-11-22,237.8,-0.004901961,0,-0.004901961
2011-11-23,231.68,0.025735913,0,0.025735913
2011-11-24,233.35,-0.007208218,0,-0.007208218
2011-11-25,231.03,0.009942147,0,0.009942147
2011-11-28,236.59,-0.024066139,0,-0.024066139
2011-11-29,242.5,-0.024979923,0,-0.024979923
2011-11-30,241.19,0.005402062,0,0.005402062
2011-12-01,251.52,-0.042829305,0,-0.042829305
2011-12-02,251.19,0.001312023,0,0.001312023
2011-12-05,252.22,-0.004100482,0,-0.004100482
2011-12-06,249.48,-0.010863532,-0.010863532,0
2011-12-07,251.57,0.008377425,0.008377425,0
2011-12-08,250.31,-0.005008546,-0.005008546,0
2011-12-09,244.93,-0.021493348,-0.021493348,0
2011-12-12,248.55,0.014779733,0.014779733,0
2011-12-13,243.48,-0.02039831,-0.02039831,0
2011-12-14,242.35,-0.004641038,-0.004641038,0
2011-12-15,236.72,-0.023230864,-0.023230864,0
2011-12-16,239.82,0.01309564,0.01309564,0
2011-12-19,231.74,-0.033691936,-0.033691936,0
2011-12-20,233.83,0.009018728,0.009018728,0
2011-12-21,241.51,0.032844374,0.032844374,0
2011-12-22,241.4,-0.000455468,-0.000455468,0
2011-12-23,244.22,0.011681856,0.011681856,0
2011-12-26,242.64,0,0,0
2011-12-27,240.79,0,0,0
2011-12-28,238.15,0.01096391,0,0.01096391
2011-12-29,238.08,0.000293932,0,0.000293932
2012-01-02,238.7,-0.002604167,0,-0.002604167
2012-01-03,245.82,-0.029828236,0,-0.029828236
2012-01-04,244.24,0.006427467,0,0.006427467
2012-01-05,243.56,0.002784147,0,0.002784147
2012-01-06,240.57,0,0,0
2012-01-09,238.02,0,0,0
2012-01-10,241.69,0,0,0
2012-01-11,240.83,0,0,0
2012-01-12,243.46,0,0,0
2012-01-13,245.28,0,0,0
2012-01-16,243.1,0,0,0
2012-01-17,247.81,0,0,0
2012-01-18,247.82,0,0,0
2012-01-19,251.27,0,0,0
2012-01-20,256.61,0,0,0
2012-01-25,257.14,0,0,0
2012-01-26,257.52,0.001477794,0.001477794,0
2012-01-27,258.65,0.004388009,0.004388009,0
2012-01-30,255.21,-0.013299826,-0.013299826,0
2012-01-31,256.9,0.006621998,0.006621998,0
2012-02-01,257.06,0.00062281,0.00062281,0
2012-02-02,260.35,0.012798568,0.012798568,0
2012-02-03,258.53,-0.00699059,-0.00699059,0
2012-02-06,258.93,0.001547209,0.001547209,0
2012-02-07,259.8,0.003359981,0.003359981,0
2012-02-08,262.94,0.01208622,0.01208622,0
2012-02-09,264.5,0.005932912,0.005932912,0
2012-02-10,261.17,-0.012589792,-0.012589792,0
2012-02-13,262.75,0.006049699,0.006049699,0
2012-02-14,262.38,-0.001408183,-0.001408183,0
2012-02-15,265.88,0.013339431,0.013339431,0
2012-02-16,261.89,0,0,0
2012-02-17,265.82,-0.0150063,0,-0.0150063
2012-02-20,265.95,-0.000489053,0,-0.000489053
2012-02-21,265.89,0.000225606,0,0.000225606
2012-02-22,266.63,-0.002783106,0,-0.002783106
2012-02-23,263.58,0.011439073,0,0.011439073
2012-02-24,265.2,-0.006146142,0,-0.006146142
2012-02-27,261.3,0.014705882,0,0.014705882
2012-02-28,263.45,-0.00822809,0,-0.00822809
2012-02-29,267.13,-0.013968495,0,-0.013968495
2012-03-02,267.45,-0.001197919,0,-0.001197919
2012-03-05,264.75,0.010095345,0,0.010095345
2012-03-06,262.85,0.007176582,0,0.007176582
2012-03-07,260.35,0.009511128,0,0.009511128
2012-03-08,262.85,-0.009602458,0,-0.009602458
2012-03-09,265.62,-0.01053833,0,-0.01053833
2012-03-12,263.74,0.00707778,0,0.00707778
2012-03-13,266.9,-0.011981497,0,-0.011981497
2012-03-14,269.85,-0.011052829,0,-0.011052829
2012-03-15,269.76,0.000333519,0,0.000333519
2012-03-16,268.27,0.005523428,0,0.005523428
2012-03-19,270.27,-0.007455176,0,-0.007455176
2012-03-20,269.68,0.002183002,0,0.002183002
2012-03-21,267.79,0.007008306,0,0.007008306
2012-03-22,267.98,-0.000709511,0,-0.000709511
2012-03-23,267.95,0.000111949,0,0.000111949
2012-03-26,267.41,0.002015301,0,0.002015301
2012-03-27,270.71,-0.012340601,0,-0.012340601
2012-03-28,269.64,0.003952569,0,0.003952569
2012-03-29,267.13,0.009308708,0,0.009308708
2012-03-30,266.58,0.002058923,0,0.002058923
2012-04-02,268.99,-0.009040438,0,-0.009040438
2012-04-03,272.46,0,0,0
2012-04-04,268.33,-0.015158188,-0.015158188,0
2012-04-05,269.96,-0.00607461,0,-0.00607461
2012-04-06,269.97,-3.70425E-05,0,-3.70425E-05
2012-04-09,265.88,0,0,0
2012-04-10,265.38,0.001880548,0,0.001880548
2012-04-12,263.95,0.0053885,0,0.0053885
2012-04-13,266.86,-0.011024815,0,-0.011024815
2012-04-16,264.49,0,0,0
2012-04-17,263.32,0,0,0
2012-04-18,266.22,0,0,0
2012-04-19,265.58,0,0,0
2012-04-20,261.84,0,0,0
2012-04-23,261.66,0,0,0
2012-04-24,260.76,0.003439578,0,0.003439578
2012-04-25,260.82,0,0,0
2012-04-26,261.51,0,0,0
2012-04-27,263.43,-0.007341975,0,-0.007341975
2012-04-30,264.35,-0.003492389,0,-0.003492389
2012-05-02,266.61,-0.008549272,0,-0.008549272
2012-05-03,266.05,0,0,0
2012-05-04,264.4,0,0,0
2012-05-07,259.73,0.017662632,0,0.017662632
2012-05-08,261.12,0,0,0
2012-05-09,258.79,0.0089231,0,0.0089231
2012-05-10,257.89,0.003477723,0,0.003477723
2012-05-11,254,0.015083951,0,0.015083951
2012-05-14,254.11,-0.000433071,0,-0.000433071
2012-05-15,252.32,0.007044193,0,0.007044193
2012-05-16,243.93,0.033251427,0,0.033251427
2012-05-17,244.48,-0.002254745,0,-0.002254745
2012-05-18,235.85,0.035299411,0,0.035299411
2012-05-21,238.62,-0.011744753,0,-0.011744753
2012-05-22,242.66,-0.016930685,0,-0.016930685
2012-05-23,239.76,0.011950878,0,0.011950878
2012-05-24,240.51,-0.003128128,0,-0.003128128
2012-05-25,241.6,-0.004532036,0,-0.004532036
2012-05-29,245.26,-0.015149007,0,-0.015149007
2012-05-30,244.68,0.002364837,0,0.002364837
2012-05-31,244.05,0.002574792,0,0.002574792
2012-06-01,242.98,0.004384347,0,0.004384347
2012-06-04,236.3,0.027491975,0,0.027491975
2012-06-05,238.79,-0.010537452,0,-0.010537452
2012-06-07,245.51,0,0,0
2012-06-08,243.69,0,0,0
2012-06-11,248.3,0.018917477,0.018917477,0
2012-06-12,246.43,0,0,0
2012-06-13,247.08,0.002637666,0.002637666,0
2012-06-14,248.62,0.006232799,0.006232799,0
2012-06-15,246.57,-0.008245515,-0.008245515,0
2012-06-18,251.37,0.019467088,0.019467088,0
2012-06-19,251.31,-0.000238692,-0.000238692,0
2012-06-20,252.92,0.00640643,0.00640643,0
2012-06-21,250.46,-0.009726396,-0.009726396,0
2012-06-22,244.15,-0.025193644,-0.025193644,0
2012-06-25,240.75,-0.013925865,-0.013925865,0
2012-06-26,239.68,-0.004444444,-0.004444444,0
2012-06-27,239.85,0.000709279,0.000709279,0
2012-06-28,239.98,0.000542005,0.000542005,0
2012-06-29,244.9,0.020501708,0.020501708,0
2012-07-02,244.46,-0.001796652,-0.001796652,0
2012-07-03,246.8,0.009572118,0.009572118,0
2012-07-04,247.76,0.003889789,0.003889789,0
2012-07-05,247.67,-0.000363255,-0.000363255,0
2012-07-06,245.07,-0.01049784,-0.01049784,0
2012-07-09,241.73,-0.013628759,-0.013628759,0
2012-07-10,240.88,0,0,0
2012-07-11,240.34,0.00224178,0,0.00224178
2012-07-12,234.66,0.023633186,0,0.023633186
2012-07-13,238.77,-0.017514702,0,-0.017514702
2012-07-16,239.39,-0.002596641,0,-0.002596641
2012-07-17,240.19,-0.003341827,0,-0.003341827
2012-07-18,236.42,0.015695907,0,0.015695907
2012-07-19,240.44,0,0,0
2012-07-20,240.35,0,0,0
2012-07-23,235.75,0,0,0
2012-07-24,236.65,0,0,0
2012-07-25,233.49,0.013353053,0,0.013353053
2012-07-26,235.33,-0.007880423,0,-0.007880423
2012-07-27,242.23,-0.029320529,0,-0.029320529
2012-07-30,244.58,-0.009701523,0,-0.009701523
2012-07-31,250.08,-0.02248753,0,-0.02248753
2012-08-01,249.6,0,0,0
2012-08-02,247.9,0,0,0
2012-08-03,244.81,0,0,0
2012-08-06,250.36,0.022670643,0.022670643,0
2012-08-07,250.39,0.000119827,0.000119827,0
2012-08-08,252.84,0.009784736,0.009784736,0
2012-08-09,258.08,0.020724569,0.020724569,0
2012-08-10,258.91,0.003216057,0.003216057,0
2012-08-13,256.65,-0.008728902,-0.008728902,0
2012-08-14,260.11,0.013481395,0.013481395,0
2012-08-16,260.08,-0.000115336,-0.000115336,0
2012-08-17,258.2,-0.007228545,-0.007228545,0
2012-08-20,258.03,-0.000658404,-0.000658404,0
2012-08-21,257.5,-0.002054025,-0.002054025,0
2012-08-22,256.21,-0.005009709,-0.005009709,0
2012-08-23,257.28,0.004176262,0.004176262,0
2012-08-24,253.73,-0.013798197,-0.013798197,0
2012-08-27,252.77,-0.003783549,-0.003783549,0
2012-08-28,252.57,-0.000791233,-0.000791233,0
2012-08-29,254.22,0.006532842,0.006532842,0
2012-08-30,250.96,-0.012823539,-0.012823539,0
2012-08-31,250.56,-0.00159388,-0.00159388,0
2012-09-03,251.23,0.00267401,0.00267401,0
2012-09-04,250.56,0,0,0
2012-09-05,245.75,0,0,0
2012-09-06,246.79,0,0,0
2012-09-07,254.02,-0.029296163,0,-0.029296163
2012-09-10,253.38,0.002519487,0,0.002519487
2012-09-11,252.73,0.002565317,0,0.002565317
2012-09-12,256.95,-0.016697662,0,-0.016697662
2012-09-13,256.87,0.000311345,0,0.000311345
2012-09-14,265.02,-0.031728111,0,-0.031728111
2012-09-17,263.97,0.003961965,0,0.003961965
2012-09-18,264.25,-0.001060727,0,-0.001060727
2012-09-19,264.44,-0.000719016,0,-0.000719016
2012-09-20,261.87,0.009718651,0,0.009718651
2012-09-21,263.41,-0.005880781,0,-0.005880781
2012-09-24,263.56,-0.000569454,0,-0.000569454
2012-09-25,262.03,0.00580513,0,0.00580513
2012-09-26,260.42,0.006144335,0,0.006144335
2012-09-27,261.62,-0.004607941,0,-0.004607941
2012-09-28,262.49,0,0,0
2012-10-02,262.48,0,0,0
2012-10-04,261.92,0.002133496,0,0.002133496
2012-10-05,262.07,-0.000572694,0,-0.000572694
2012-10-08,260.11,0.007478918,0,0.007478918
2012-10-09,259.66,0.001730037,0,0.001730037
2012-10-10,255.15,0.017368867,0,0.017368867
2012-10-11,252.84,0.009053498,0,0.009053498
2012-10-12,252.44,0.001582028,0,0.001582028
2012-10-15,251.44,0.003961337,0,0.003961337
2012-10-16,253.98,-0.010101814,0,-0.010101814
2012-10-17,256.06,-0.008189621,0,-0.008189621
2012-10-18,257.27,-0.004725455,0,-0.004725455
2012-10-19,254.79,0.009639678,0,0.009639678
2012-10-22,254.22,0.002237136,0,0.002237136
2012-10-23,251.86,0.009283298,0,0.009283298
2012-10-24,249.8,0.008179147,0,0.008179147
2012-10-25,251.72,-0.007686149,0,-0.007686149
2012-10-26,247.18,0.018035913,0,0.018035913
2012-10-29,247.66,-0.001941905,0,-0.001941905
2012-10-30,248.52,-0.003472503,0,-0.003472503
2012-10-31,250.18,-0.006679543,0,-0.006679543
2012-11-01,247.83,0.009393237,0,0.009393237
2012-11-02,251.04,-0.012952427,0,-0.012952427
2012-11-05,249.5,0.006134481,0,0.006134481
2012-11-06,252.3,-0.011222445,0,-0.011222445
2012-11-07,253.7,-0.00554895,0,-0.00554895
2012-11-08,250.13,0.014071738,0,0.014071738
2012-11-09,248.69,0.005757006,0,0.005757006
2012-11-12,248.18,0.002050746,0,0.002050746
2012-11-13,246.9,0.005157547,0,0.005157547
2012-11-14,247.8,-0.0036452,0,-0.0036452
2012-11-15,244.64,0,0,0
2012-11-16,243.45,0,0,0
2012-11-19,245.82,0,0,0
2012-11-20,247.72,0,0,0
2012-11-21,247.02,0,0,0
2012-11-22,249.51,0,0,0
2012-11-23,251.44,0,0,0
2012-11-26,250.73,0,0,0
2012-11-27,253.41,0,0,0
2012-11-28,251.72,0,0,0
2012-11-29,254.73,0,0,0
2012-11-30,254.25,0,0,0
2012-12-03,255.57,0.00519174,0.00519174,0
2012-12-04,254.83,-0.002895489,-0.002895489,0
2012-12-05,256.63,0.007063533,0.007063533,0
2012-12-06,257.27,0.002493863,0.002493863,0
2012-12-07,258.78,0.00586932,0.00586932,0
2012-12-10,259.03,0.000966072,0.000966072,0
2012-12-11,260.12,0.004208007,0.004208007,0
2012-12-12,261.67,0.005958788,0.005958788,0
2012-12-13,265.79,0.015745022,0.015745022,0
2012-12-14,264.56,-0.004627714,-0.004627714,0
2012-12-17,262.76,-0.00680375,-0.00680375,0
2012-12-18,264.23,0.005594459,0.005594459,0
2012-12-20,264.78,0.00208152,0.00208152,0
2012-12-21,261.89,-0.010914722,-0.010914722,0
2012-12-24,262.11,0.000840047,0.000840047,0
2012-12-26,261.97,-0.000534127,-0.000534127,0
2012-12-27,262.68,0.002710234,0.002710234,0
2012-12-28,263.92,0.004720573,0.004720573,0
2013-01-02,269.16,0.019854501,0.019854501,0
2013-01-03,267.52,-0.00609303,-0.00609303,0
2013-01-04,266.14,-0.005158493,-0.005158493,0
2013-01-07,265.97,-0.000638762,-0.000638762,0
2013-01-08,263.95,-0.007594842,-0.007594842,0
2013-01-09,262.9,-0.003978026,-0.003978026,0
2013-01-10,264.95,0.007797642,0.007797642,0
2013-01-11,263.32,-0.006152104,-0.006152104,0
2013-01-14,264.8,0,0,0
2013-01-15,261.43,0,0,0
2013-01-16,260.49,0,0,0
2013-01-17,260.1,0.001497178,0,0.001497178
2013-01-18,261.71,-0.006189927,0,-0.006189927
2013-01-21,261.3,0.00156662,0,0.00156662
2013-01-22,262.91,-0.0061615,0,-0.0061615
2013-01-23,261.1,0.006884485,0,0.006884485
2013-01-24,258.74,0.009038682,0,0.009038682
2013-01-25,256.06,0.010357888,0,0.010357888
2013-01-28,254.66,0.005467469,0,0.005467469
2013-01-29,257.22,-0.010052619,0,-0.010052619
2013-01-30,258.47,-0.004859653,0,-0.004859653
2013-01-31,258.07,0.001547568,0,0.001547568
2013-02-01,257.64,0.001666215,0,0.001666215
2013-02-04,256.89,0.002911039,0,0.002911039
2013-02-05,254.82,0.008057924,0,0.008057924
2013-02-06,254.31,0.002001413,0,0.002001413
2013-02-07,254,0.001218985,0,0.001218985
2013-02-08,257.09,-0.012165354,0,-0.012165354
2013-02-12,256.65,0.001711463,0,0.001711463
2013-02-13,260.92,-0.016637444,0,-0.016637444
2013-02-14,261.44,-0.001992948,0,-0.001992948
2013-02-15,261.61,-0.000650245,0,-0.000650245
2013-02-18,261.63,-7.64497E-05,0,-7.64497E-05
2013-02-19,262.16,-0.002025762,0,-0.002025762
2013-02-20,268.07,0,0,0
2013-02-21,266.85,0,0,0
2013-02-22,267.15,0,0,0
2013-02-25,266.01,0,0,0
2013-02-26,264.68,-0.004999812,-0.004999812,0
2013-02-27,265.04,0.001360133,0.001360133,0
2013-02-28,268.01,0.011205856,0.011205856,0
2013-03-04,266.14,-0.006977352,-0.006977352,0
2013-03-05,266.54,0.001502968,0.001502968,0
2013-03-06,267.25,0.002663765,0.002663765,0
2013-03-07,264.78,-0.009242283,-0.009242283,0
2013-03-08,264.57,-0.000793111,-0.000793111,0
2013-03-11,264.15,-0.001587482,-0.001587482,0
2013-03-12,262.43,-0.006511452,-0.006511452,0
2013-03-13,263.33,0.003429486,0.003429486,0
2013-03-14,263.37,0.000151901,0.000151901,0
2013-03-15,260.84,-0.009606257,-0.009606257,0
2013-03-18,258.3,0,0,0
2013-03-19,259.79,0,0,0
2013-03-20,257.04,0,0,0
2013-03-21,255.82,0,0,0
2013-03-22,255.33,0,0,0
2013-03-25,259.58,-0.016645126,0,-0.016645126
2013-03-26,260.54,-0.003698282,0,-0.003698282
2013-03-27,261.86,-0.005066401,0,-0.005066401
